ID,story,text
1,story1,一，记一把蓝色的雨伞。我的视线，这么久以来都不得不为一把蓝色的雨伞所牵绊。
2,story1,那蓝色，明彻如天空。小时候的那些下雨天，妈妈总撑着一把蓝色的雨伞来学校接我，
3,story1,而我的肩膀湿了，头发也湿了。“雨伞歪了，”妈妈提醒我，“没有，没有歪啊。”“是真的，
4,story1,雨伞歪了，”妈妈重复道。“妈，真的它没有歪，没有。”伞下是许久的沉默，
5,story1,回头却瞥见晶莹的水珠划过妈妈的脸颊。那把褪了色的伞，又重现以前明彻如天空的蓝色。
6,story1,终于明白，这么久以来，妈妈都为我撑起一片无雨的天空。
7,story1,现在，我多想也给妈妈一片快乐的天，即使孟郊说过，谁言寸草心，报得三春晖。
8,story1,于是我的视线便牵绊于那把蓝色的伞，每天深夜在灯下夜战的人是我，每个周末穿梭于补课地点的人是我。
9,story1,这一切，都因为那把倾斜的蓝色的伞。那蓝色，明彻如天空，让我的视线不敢移开，永远都不敢移开。
10,story1,点评：本文胜在审题、构思。作者把一个永恒的话题——亲情形象地编入“我的视线”，其审题、
11,story1,取材可谓巧妙新鲜，视线集中的对象——雨伞是本文穿越时空的线索，文章构思时截取这亲情之爱的两极，
12,story1,以母爱和对母亲的爱作为落笔详写的点，流露出的是浓浓的情，感人至深。
13,story1,我的头顶是一片蓝色，肩膀也笼罩于一片蓝色之中，触目所及都是一片蓝色的无雨的天空。
14,story1,二，我读懂了亲情。原来，在不经意间，很多事情就不了了之。
15,story1,小时候，会怨你。你与我的见面，总是来也匆匆，去也匆匆。
16,story1,一向听到你说最多的话总是你必须得走了，下次再来见我。
17,story1,不会在意，或许是还年幼无知，又或者是习以为常。
18,story1,记得小时候的某一天，在幼儿园里，一个小朋友讽刺着问：“你妈妈为什么总是不来接你呢？”那之后，
19,story1,会想你，情不自禁地。于是，你来看我再说着那句话时，哭着抱着你，质问你为什么不来接我。
20,story1,你松开了我的手，说你忙。还是走了。那一次，哭得很伤心，可是孩子吧，哭过也就什么都记不起来。
21,story1,日子就这样过着呢。日复一日，年复一年。
22,story1,懂事些，会怪你。那时，和别的孩子一样，在母亲的身边长大，却又发觉，
23,story1,并不是想象中一样幸福。自从和你生活后就知道你有胆结石。
24,story1,后来的一个下雨天，矮小的我抬头和妈妈说话，却发现妈妈的那一半天空是一片阴沉的灰色，
25,story1,也一直没当作什么，因为从来都不知道那到底有多疼。
26,story1,终于，你住进了那个消毒水处处有的地方。手术后，你平躺在病床上，与我说话，
27,story1,眼泪仿佛快要流下来，可是我强忍着不哭，问你疼不疼，而你虚弱着依旧回答我，“你说呢”。
28,story1,我说那一定很疼吧。出院后，你一直说我身体怎样怎样差，可是自己却比我还严重，
29,story1,有时，会责怪你说：“好好保重身体吧，连自己都照顾不好怎么来照顾你这个宝贝女儿呢！”而现在会爱你。
30,story1,现在，终于读懂了亲情是有爱的地方，而且满满的都是爱。
31,story1,如果没有你，我将会是多么可怜可悲的孩子。所以决定，好好爱你，像你爱我一样不容易却又必须好好爱着。
32,story1,暖暖阳光懒懒爬进窗，恍然你又在身旁，笑容像星星一样明亮。
33,story1,有你，真好。妈妈，其实，你知道吗？
34,story1,我一直都想亲口对你说：“你要我其实也不容易吧。”但是你也并不问代价。
35,story1,风夹杂着雨滴，落入妈妈灰色的天空，妈妈的肩膀湿了，额前的头发也湿了，
36,story1,我也一直想亲口感谢你，是你一直在给我力量，不惧怕，不胆怯。
37,story1,妈妈，其实我很爱你但从来没有认真说过。做妈妈最开心的事，在妈妈开心时对妈妈说：“妈妈，我爱你。”
38,story1,三，妈妈，我走了，一粒种子的告白。
39,story1,亲爱的妈妈，我走了，我要走出自我小天地，去见识别样大世界。
40,story1,妈妈，不要责怪风伯伯带走了我，我走了，选择我自己的路，去流浪四方。
41,story1,人们都说“父母在，不远游”，可是我却离开了你温暖的怀抱，不再承欢膝下。
42,story1,妈妈，在您的培育下，我已经长大。飞翔的翅膀逐渐强壮，飘游的念想占据了我的整个心房，妈妈，我要实现它！
43,story1,而我，依旧置身于一片蓝色的无雨的天空。“妈妈，雨伞歪了，”我提醒道，“没有，
44,story1,雨伞没有歪啊。”妈妈轻轻回答，我的视线落在倾斜的伞柄上，“是真的，雨伞歪了。”妈妈固执地说道，“没有，
45,story1,真的没有”。后来我长大了，不再要妈妈在下雨天接我，那把蓝色的伞在柜子中一年一年地褪色，我曾一度以为我淡忘了它。
46,story1,或许是巧合，又是一个雨天，又是那把蓝色的伞，伞下是妈妈和我，快和妈妈一样高的我撑着伞。
47,story1,我的视线那么不自觉地落在了伞柄上，那一幕与小时候的情景混在了一起，妈妈笼罩于一片蓝色的无雨的天空。
48,story1,春天，在您的温暖心脏里，我萌生了要探访外面世界的愿望。
49,story1,于是，在春风的呼唤声中，在春雨的洗礼中，在春阳的抚摸中，我在您的枝头探出了脑袋。
50,story1,在那遥远的地方，我会安定下来，不再流浪，妈妈，请不要悲伤！
51,story1,在来年的春天里，或许我会在荒凉的沙漠生根发芽，建立另外一个家，那儿会因为我的到来而拥有无限生机；或许我会在陡峭的绝壁上生根发芽，
52,story1,建立另外一个家，那儿会因为我的到来而增添无限景致；或许我会在繁忙的道路旁生根发芽，
53,story1,建立另外一个家，那儿会因为我的到来而减少无限尘埃；或许，
54,story1,妈妈，请不要思念我，请不要牵挂我，在您的养育下，我已经足够强壮，我能适应恶劣的环境，
55,story1,我能抗击风霜雨雪，相信，走出自我小天地的我，一定能够创出一番新天地。
56,story1,妈妈，我走了，带着爱与希冀离去，去实现自己的梦想。
57,story1,亲爱的妈妈，当清晨第一缕阳光再次照射在天地间的时候，请不要再早起去亲吻你的孩子，
58,story1,他已经走了，您再也找不到他了！或许他会出现在诗人的赞歌里，或许他会出现在摄影师的作品里，
59,story1,或许他出现在人们的话语里。那么，请为他骄傲！
60,story1,啊！如茵的小草、芬芳的花朵、解冻的湖水、翩飞的蝴蝶、歌唱的鸟儿，
61,story1,四、幸福的感动。有一种感觉叫做幸福，有一种幸福叫做感动。
62,story1,而我，正是会享受这种幸福的一个幸运女孩。那年冬天，雪下得纷纷扬扬。
63,story1,除夕前那晚，我趴在窗边看雪。灯光中满是飞舞的雪片，仿佛抑制不住满心的喜悦。
64,story1,接连不断的鞭炮声，洋溢着春节来临时温暖的气氛。一切仿佛都映在橘红色灯光的背景里，
65,story1,包括父母发丝里所夹的依稀可见的几丝银发，在这幅冬夜画中闪闪发亮。
66,story1,我不会忘记，父母是如何把我养育成人的。他们用淳朴与善良浇灌着我，让聪明和热情渗透了我，
67,story1,使我这朵小小的花儿快乐茁壮地成长。记不清有多少次，我摔倒过，父母用鼓励的眼神与亲切的笑容，
68,story1,让我振作，重新站起来。忘不了有多少夜，我在灯下温习功课，父母也在灯下呆呆地坐着，
69,story1,默默地陪伴我大半夜，记不得有多少件充满父母亲爱意的小事，忘不掉有多少父母亲太阳般的关怀。
70,story1,蓦然，感觉灯光中盛满了爱，在雪花的飞舞中，我的脸上不知不觉湿润了。
71,story1,这一切是多么美丽、多么生机勃勃！看到这些景象，我倍感精力充沛。
72,story1,望着这安详的夜景，我忽然有一种感动，觉得自己应为它做点什么，第二天我要给爸爸妈妈一个惊喜。
73,story1,第二天天刚亮，我就悄悄起床了。一整夜鹅毛般的大雪，把大地装成了一片亮丽，连窗口射进的太阳光也是那样的耀眼。
74,story1,我急忙推开房门，一推开门，我呆住了。一个雪娃娃立在我家门前，俏皮的神情，
75,story1,头上扣着一顶大红帽，挥舞着“大手”，咧着嘴儿在甜甜地笑。
76,story1,扑哧一声，我也忍不住笑了。“新年快乐！”从雪娃娃后面走出两个人，原来是爸爸妈妈，
77,story1,他们温柔地望着我。我的鼻子突然间酸酸的，眼泪忍不住流了下来。
78,story1,我本想给父母亲一个，没想到他们却面对父母亲的笑容，我无言以对。
79,story1,就在那片雪地上，我拉着爸爸妈妈，深情地望了很久、很久。
80,story1,记得有位诗人这样说：“让我怎样感谢你，当我走向你的时候，我原想收获一缕春风，
81,story1,你却给了我整个春天；让我怎样感谢你，当我走向你的时候，我原想捧起一簇浪花，
82,story1,于是，我伸伸腰，使自己长大了些，甚至开出虽然微小，但也娇艳的花朵，为春天增色几分。
83,story1,你却给了我整个海洋。”是呀，让我怎样感谢你们，爸爸妈妈。
84,story1,你们赋予了我生命，你们赋予了我力量，你们赋予了我幸福，而我却无以为报。
85,story1,有一种感觉叫做幸福，有一种幸福叫做感动。
86,story1,谢谢你们，爸爸妈妈，谢谢你们给了我幸福，谢谢你们让我学会了感动。
87,story1,我明白你们的含辛茹苦，我懂得你们的满心希望，我将尽我的力量给大家幸福，让大家学会感动！
88,story1,五、长发与短发。岁月，从黑发中流过，风，传播爱的信息，
89,story1,将黑发，一点点染白。童年，梧桐树下，透过缝隙照下的阳光把那头黑发照得很黑很亮，
90,story1,那头黑发很长很长站在风中，轻轻地微笑，望着不远处一跳一跳的短发，满是欢乐的笑声。
91,story1,夜晚，在灯光下，长发在为短发缝着书包带，因为书很重，长发怕这书包不能承受，
92,story1,于是就在书包带上缝上了一点点爱。早晨，短发背着这更加牢固的书包出发了，
93,story1,炎炎夏日，太阳失去了春天的妩媚和温柔，像一个恶毒的巫婆，使劲地煎烤着我们，
94,story1,短发亲吻着长发，长发的发梢，触到短发的鼻尖，散发出清幽的香气。
95,story1,傍晚，短发背着书包一蹿一蹿地回来了，长发在门边静静地等待，望着回家的短发露出一点微笑。
96,story1,吃过晚饭，阳台上，长发为短发清洗着，短发顶着满头的泡泡，在阳台上嘻笑，长发用清水将短发的满头泡泡冲洗掉，
97,story1,用手轻轻揉着短发的耳朵和眼睛，然后用毛巾轻轻地为短发擦头。
98,story1,月光下，被清洗后的短发，显得乌黑流亮，就像长发一样，却不及长发长，长发轻轻地摸着短发说：“孩子，会长长的，就像妈妈的一样。”
99,story1,我变得无精打采，耸肩垂耳，胆战心惊。为了抵抗太阳的威力还有狂风暴雨的袭击，我只好不停地从您那儿吸收养料和水分，
100,story1,努力使自己变得强壮起来，终于，我抖落了零落的花瓣，剩下的花萼涨满了生命的琼浆，
101,story1,我变成了一枚小小的果实屹立枝头！秋天是个离别的季节，风伯伯带来了远方的精彩，
102,story1,我的心变得不安分起来，妈妈，我想走出在您庇护下的这方自我小天地，到远方飘泊去。
103,story1,我的左手边是你的右手。打开窗户，看着一地金黄的梧桐叶，我想秋天又来了吧。
104,story1,去年的这个时候，当最后一片梧桐叶投进我手心的时候，我们在车站告别。
105,story1,如今，这一切都不存在了，再也没有牵着我的手，在这里享受秋天。
106,story1,希望有一天风儿能把我的思念带给姐，云儿能把我的挂念载给姐。
107,story1,那一份思念，那一份牵挂，在远方的姐是否收到了呢。
108,story1,快过年的时候，朋友们都收到了很多贺卡，可我只想收到远方姐的贺卡。
109,story1,姐说她不回来过年了，我很失望，埋怨她出去了就不知道回家，忘了爸妈的牵挂，忘了那份对家的思念。
110,story1,我有点讨厌这个不回家的家伙了。独自一个人走在冷清的路上，还是那条铺满梧桐叶的路，
111,story1,我隐隐约约看见一个熟悉的身影，在心头烙得那么深。是姐，她回来了！
112,story1,我奔向她，然后紧紧地抱住她。她说，傻女孩，姐怎么会不回来呢，姐也想你们呢！
113,story1,姐拉住我的手往家的方向走，走进另一份牵挂，我的左手边是你的右手。
114,story1,那么近，牵挂那么浓。每个人都不要辜负家人朋友的一份牵挂，或许它渺小得你无从察觉，可它温暖着每一颗心，告诉他家的方向……
115,story1,仿佛一切还发生在昨天，那么清晰，那么深刻。本来还很高兴地在满地梧桐叶的小路上蹦蹦跳跳，
116,story1,风。近来天气不大好，总是大风夹着漫天尘沙，肆意刮遍小城的每一个角落。大清早，张老头就起来了，一看外面，张口就骂：
117,story1,“什么鬼天气？这也叫春天么？我们那时候，”。“爹，”小张打断了张老头的话，“这叫沙尘暴，
118,story1,是伐树过多，水土流失造成的，您骂有什么用？赶早吃饭吧，我今天还得去趟王局长家，关键就看他的态度了。”张老头望了望柜上的一大包礼物，
119,story1,愤愤道：“骂没用，没用，一股歪风！”吃完饭，小张就拎着那包礼物出门了。
120,story1,看着儿子在风中渐渐远去的身影，张老头深深地叹了口气。
121,story1,瞧着外面的风小了一些，张老头决定出去溜达溜达。像他这种退休在家的老人，怕的就是空荡荡的家里生出的那种寂寞。
122,story1,年轻人有年轻人的事，不能常陪着他，只得自个儿找找乐。
123,story1,张老头背着手，出了门。街上风虽然小了些，但风中夹着的沙砾还是让人受不了。
124,story1,张老头眼睛闲不住，四处张望着。十字路口，一位行人闯了红灯，被交警叫道了岗亭里；腌菜店里，
125,story1,一位胖大嫂与卖菜的姑娘不知为什么吵了起来；走到一间卡拉大厅前，里面声嘶力竭地狂吼让张老头心惊胆战，
126,story1,可是一阵风吹过之后，梧桐叶飘起来了，思绪也飘起来了。
127,story1,透过玻璃望去，只见一群红男绿女正在搂着抱着跳贴面舞，忽然，一些沙尘迷住了张老头的眼，
128,story1,他不觉又骂道：“这股鬼风！”后面有人拍他的肩膀，回头一看，原来是老俞。“张老头，
129,story1,你日子过得舒坦吧？儿子已经大学毕业了，而且是要定向分配的，你要请客啦，什么时候叫上我们几个老哥们去你家喝一盅啊？”“分配？
130,story1,学校是给分配的，但给那些少爷小姐们挤了，这世道！”张老头越说越气，“你不知道现在是什么世风！
131,story1,干什么都得走后门，就为一个分配的事，我儿子已经跑了五个领导家，见了烟酒，才说可以研究研究，要不就不理不睬的。
132,story1,这不，今天又去了那个单位的一把手王局长家，听说脾气有点怪，肯定不是省油的灯。”看张老头愤愤的样子，
133,story1,老俞也觉得不公平，不过只是拍了拍张老头的肩膀，安慰道：“老弟，慢慢的总会好的。
134,story1,外面刮风，回家吧。”张老头于是回了家，半晌午，小张回来了，手上提着那包东西，张老头心一紧，
135,story1,问：“嫌少？不给办？”小张很兴奋地说：“不！
136,story1,王局长可真是个大好人，大清官，他说一切按政策，该怎样就怎样，至于礼，是不该送的，送也不会改变规矩。”“是么，
137,story1,然后姐对我说，你是个大人了，要学着好好照顾自己，我不在的时候你要帮家里多干点活，爸妈的工作很辛苦的。
138,story1,这太好了，老俞说得对，慢慢的总会好的。”这时，从窗外吹进一缕暖风，柔和温馨，渗进张老头的心里，让他很惬意。
139,story1,感悟成长。曾经以为，走进拥挤的饭堂，从长龙似的队伍中买回饭菜，在住校的日子里学会如何照顾自己，
140,story1,打理一切，在日记中写下情感的历程，在课堂上学到更多的知识，全部都是成长的过程。
141,story1,在城市一个普通家庭成长的我，也用小康人家的眼光去看待生活和世界，根本无法真正了解卖掉口粮来学校学习的同学有多重的负担，
142,story1,以及由这种负担所产生的想法和行为。我曾亲眼目睹她是怎样地节省饭菜，在炎热的夏天舍不得买一根冰棍，
143,story1,一杯饮料，然后将一张张的零票塞入荷包。透过虚掩的房门，我惊奇地发现她正将室友的一条连衣裙放在胸前比划，
144,story1,突然叹口气，轻声对自己说：“雪儿，别想了，你和别人不一样，用功读书吧！”接着，
145,story1,默默将裙子挂回了原处。虚荣！这种想法在我脑海中形成，既而，又觉得不全是那样，
146,story1,似乎有某种东西触动我的心弦，却又说不清。教室的门外，一个男孩用怯生生的声音说：“我找雪儿。”同学的目光在她身上聚焦，
147,story1,她红着脸，飞快地跑出教室。据说，那是她的弟弟，一个贫困家庭艰难地负担着两个孩子在城里读书！
148,story1,我只是茫然地点点头，为什么一定要走呢？留下来不好吗？
149,story1,她拿出平日里视为珍宝的那只荷包，小心地将钱倒在弟弟的手心说：“节约点花，饭要吃饱，多买点菜，
150,story1,别熬坏了身体。”其实，他们的爹娘根本不可能有多余的钱寄给他们。
151,story1,是她，将自己口中省下的一分一毛全部给予了同样清苦的弟弟。
152,story1,我开始了解到一个与我截然不同的人生。虽然，她没有城市女孩鲜艳亮丽的服装，但总是以最整洁的形象出现在同学面前。
153,story1,她默默地为班级、寝室干了许多事，然而，当老师同学赞扬她时，她只是腼腆一笑。
154,story1,她是寝室之中最早起床、最晚就寝的一个，无数个夜里我从梦中醒来，都见微弱的手电光下她那孜孜不倦的身影。
155,story1,在人潮拥挤的车站，我还是和姐告别了。那么嘈杂的环境，可心里却那么平静。
156,story1,看着姐踏上火车，我的眼泪就止不住了。看着火车离我越来越远，而我只能挥挥手。
157,story1,我很想对姐说我会很想她的，但我没有说出口，真是遗憾。
158,story1,自那以后，不论什么时候我都只是一个人，静静地踩在梧桐叶上，想着和姐在这里吵嘴，为了一颗糖。
159,story1,为什么一样的花季，我们还在父母百般呵护下成长，她却担负起家庭的责任照顾着弟弟？
160,story1,为什么我们的童年五彩缤纷，而她却只有苦涩与辛酸？
161,story1,只是缺少发现更美的风景的眼睛。漫步在大街中，我茫无目的走着，心里头一阵迷茫，
162,story1,今天是星期天，本应该呆在家里陪妈妈聊天，可是我厌倦在家里听着妈妈的唠叨，好郁闷啊，不如出来走走。
163,story1,天空中突然落下了雨。片刻之间变成了倾盆大雨，我赶紧躲到旁边的屋檐下。
164,story1,雨连绵不断地下着，我望着那一望无际的街头，街上川流不息，人们都匆匆地行走着，各种五彩艳丽的雨伞成了雨中的亮丽风景。
165,story1,霎时我的视线被定格住了，一位老妇人坐在轮椅上，另一位暂且把他定位成年青人吧，
166,story1,不，他是老妇人的儿子，是，确实是，他们是母子，年青人正推着坐在轮椅上的母亲，
167,story1,此刻美丽的画面被定格住了。我听不见他们在说着什么，我只看见年青人的嘴微微地翕动着，
168,story1,而老人裂开嘴在笑，虽然额头上布满了皱纹，可是她嘴角的酒窝和弯弯的嘴形使得她显得那么和蔼可亲。
169,story1,路上匆匆的行人都放慢了脚步，有的伫足观赏这一亮丽的风景。
170,story1,他们站在一起在议论着什么，掺合着雨声，我分明听见他们在说：“这个年青人真孝顺，我要有这样的儿子就好了。”他们，
171,story1,她告诉我：因为贫困。然而，她感谢贫困，贫困，这与生俱来的生命之树的果子，
172,story1,也被这幅画面感动了。年轻人推着母亲往前走，母亲盖在腿上的毯子悄然而落，年青人急忙跑上前去捡起并且熟练地盖在母亲腿上，
173,story1,把皱折处弄平，他并没有站起，给母亲指着不远处的一幢大楼，那是前不久刚新建好的，他说着什么，老妇人笑得那么惬意，那样幸福。
174,story1,一阵冷风吹进我的衣领，我却不感觉冷，因为我的心里已激起一股感动的热流，那是一种莫名的感动。
175,story1,年青人站起，转身推着老人离开，望着他们离去的背影，望着年青人宽厚的肩膀，觉得他是如此的高大。
176,story1,此时，雨已停了，秋天的雨后并没有彩虹，可是我分明看到了一条彩虹，那是一对母子离去的背影筑成的彩虹，
177,story1,一道亮丽的风景线。也许，我该回家了，妈妈在家等着我呢，我也要她温暖温暖，告诉她那一道美丽的彩虹和这一道亮丽的风景线。
178,story1,脚印。漫长的沙滩上，一对父子缓缓而行，夕阳的余晖照射出一深一浅的两行脚印。“为什么我的脚印这么浅呢，
179,story1,深夜，台灯还亮着。笔还在手上，可上下眼皮却来了个轻吻。“唉！”难道我真如外公所说的是“朽木不可雕”吗？
180,story1,望着堆积如山的习题集，我不禁又锁紧了眉头。“又被卡住了，这该死的几何题怎么这么难！”我怀疑爱迪生是否另有成才之路，
181,story1,一直让她在单调的季节交替中咀嚼着人生的春暖与秋凉。然而，她也知道是贫困让她感受到另一种富足的底蕴，
182,story1,为什么“天才等于百分之九十九的汗水加上百分之一的灵感”在我身上得不到验证呢？
183,story1,窗外一片黑暗。唉！也许，我真的不是学习的料吧！“啊！
184,story1,终于，终于挤进了前十名，真是功夫不负有心人。”虽然，刚好是第十名，用外公的话说是“站在悬崖边上，
185,story1,同志尚须努力”。可我心里还是美滋滋的，不管怎样，“夜以继日”“手不释卷”“通宵达旦”总算有了回报，
186,story1,虽然还达不到家长的要求，但这也足够让我美上一阵子了。今天的天气好晴朗！
187,story1,悲伤。“怎么会这样？”我欲哭无泪。
188,story1,手中得分为七十七的数学试卷狠狠地抽了我一下，心，很痛很痛。
189,story1,唉！这段时间还陶醉在前十名的喜悦之中，上课有点走神。
190,story1,不经意间又月考了。这次，我可是真正懂得了“谦虚使人进步，骄傲使人落后”的道理了！
191,story1,初三是容不得丝毫的疏忽的。晚自修考语文，还是把古诗名句再背一背吧。
192,story1,她生命中有许多精彩的成分，都来自于贫困。依旧是透过那扇门，她再一次给我带来了极大的震撼。
193,story1,不能因为一时的失利，而影响后面的考试。我默默地告诫自己。
194,story1,可内心怎么平静得下来？尽管外表表现得如此轻松，如此不屑。
195,story1,今晚，又将是一个不眠之夜。坚定。
196,story1,人间正道是沧桑。也许你只是密林中的一株小树，也许你只是百花园里的一朵小花，
197,story1,也许你只是瀚海里的一滴水。然而，虽是一株却也能抗击风雨，虽是一朵却也能装扮春天，
198,story1,虽是一滴却也能形成海洋。我依旧平凡，也许我永远只能默默无闻。
199,story1,但我坚信，平凡的我未必会永远失败，阳光终有一天会照耀寒冷漆黑的夜空的。
200,story1,只要尽力了，我就会赢得一个成功的自我。是金子总会发光的。
201,story1,回望身后，酸甜苦辣、喜怒哀乐印出了一串深深浅浅的脚印。
202,story1,平实的感动。牵着你的手，过小桥流水，听，潺潺水声，流淌希冀；牵着你的手，
203,story1,寝室中坐着一位打扮时髦却依旧带有几分土气的中年妇女，她边抚摸着那个曾从雪儿手中接过钱的小男孩的头，
204,story1,朵朵鲜花，姹紫嫣红！牵着手一切变得很美，很美。
205,story1,这里，我还要为你叙述一个平实的故事。“哇！”，一声清脆的啼哭划破寂寥的夜，
206,story1,月亮笑了，尽情挥洒清冷的晕圈，任其流泻满地的水银。
207,story1,星星笑了，尽心闪烁明亮的光辉，任其眨巴着大眼睛，快乐着，夜，不再孤独，跳跃着灵动的脉搏。
208,story1,边说：“真谢谢你了，在我改嫁之后的这段日子里照顾我们家小兵。”我愕然了，那经常来找她的男孩居然不是她弟弟，
209,story1,我再一次陷入沉思。从此，我不再天真幼稚地高谈阔论或愤世嫉俗，开始懂得有意避开父母的荫庇，
210,story1,遇到什么事都独立解决，这使我有了更多的感受。猛然间，我意识到，这些才是成长的全部。
211,story1,话题：风景。深秋里的一道彩虹。生活中并不是山河锦绣才是所谓的风景美，
212,story1,产房里，一个刚出生的小婴儿嘤嘤地哭着，一位泪流满面的妈妈微微地笑着，她痛苦着，
213,story1,并快乐着！轩，已经八个月了，在妈妈怀里，她轻轻呢喃着，声声啼哭着，
214,story1,九月一日，开学咯！轩，已经七岁了，到了上学的年龄。
215,story1,今天是开学的第一天，妈妈早早为轩打扮了一番，她真的美极啦！
216,story1,粉红的蝴蝶结，粉蓝的连衣裙，她很开心呢！与往常一样，出门时，妈妈又牵起了她的手，她感到好习惯，
217,story1,好自然，妈妈的手又柔又滑，又温暖。一路上，牵着妈妈的手，她笑着，跳着，不曾怕过跌倒，她相信，妈妈的手会带给她安全，勇敢！
218,story1,雪花飘飘洒洒，呵！今年的冬天竟下起了雪。窗外白茫茫的一片，银装素裹，好美！
219,story1,轩今年十六岁了，是一个爱幻想的女孩了。她很爱妈妈，望着妈妈斑白的双鬓，她常会心酸的流下泪来，她不曾忘记小时候蹒跚学步，咿咿学语时的幸福。
220,story1,想到这，她开心地笑了，回忆起妈妈牵着她的手，学走路，迎开学，她一阵莫名的感动。
221,story1,这么多年来，她一直铭记妈妈手上的温暖！此时，一个令她心动的念头在她脑中形成，带上帽子、
222,story1,围巾、手套，她走到妈妈房间，愉快地对妈妈说：妈妈，咱们打雪仗去，说着，她牵起了妈妈的手，
223,story1,泪，滴落，却也无法打破这温馨的宁静。牵手，一种最激情的感动！牵手，一种最平实的成功！
224,story1,她的大眼睛直愣愣地望着眼前这个不停对她笑的女人，她明白，这是她亲爱的妈妈。
225,story1,"粉红色的桥。""你说说你，一天到晚就知道看这种课外书，这对你的学习有帮助吗？"""
226,story1,"妈妈一把抢过我手里的书，指着我的鼻子吼道。""凭什么一点自由都不给我！"
227,story1,"我学习累了，看会儿书还犯法啦？""我不服气地说。""好啊，做错事还顶嘴？"
228,story1,"你不服我管就别在这个家呆着，走！你走！""妈妈气极败坏地说。"""
229,story1,"好，走就走！怕你啊！我和你真是没共同语言！我走了再也不回来了！"""
230,story1,我抓起书包奔出家门，留在妈妈一个人愣在那里。坐在教室里，我的心平静了许多。
231,story1,气消了之后想起我最后说的那句话不禁有点后悔，不回家？
232,story1,那放学后我要去哪里呢？回家吧，妈一定会说我，不，不能回去！
233,story1,与往常不同，今天的我却希望时间过得慢一些，不要放学。可是还是放学了，我走出校门，心里一直徘徊不定，
234,story1,算了，还是回家吧，不回家又能去哪里呢？我叹了口气，慢慢地往家挪。
235,story1,她的小手挥舞着，被妈妈握在满怀母爱的手心里，八个月的她还不会想，只是觉得那双手好温暖，
236,story1,到了家门口，我推了推门，没锁，我把头探了进去，院子里没人，我蹑手蹑脚地走到客厅里，
237,story1,"妈妈正坐在沙发上看电视，我想喊一声""妈妈""，可话到嘴边又咽了回去。"
238,story1,我轻轻地打开我的卧室门进去，关上门，重重地舒一口气。咦，那是什么书桌上躺着一个小小的粉红色信封。
239,story1,我轻轻地打开它，里面有一封信，信是妈妈写给我的。
240,story1,内容是：我的乖女儿，你已经长大了。妈妈爱你，可妈妈发现我的爱却成了你的负担，成为你厌恶妈妈的障障了，
241,story1,妈妈知道错了，你能原谅妈妈吗？就让信做为我们沟通的桥梁吧，把你的烦恼和心事告诉妈妈，好吗？
242,story1,永远爱你的妈妈。信虽短，可看完以后我已泪水模糊了双眼，我有一个这么善解人意的妈妈，
243,story1,我为什么还惹他生气呢，我提起笔，把我的歉意写了下来，并希望而希望妈妈能原谅我。
244,story1,向她诉说了我学习上的压力。朋友之间的不愉快和压抑在我心中的烦恼。
245,story1,说出来后，我觉得轻松了很多。第二天，妈妈给我回信了。
246,story1,好温暖。娇阳，炙烤着大地，这个夏天，热的不行！
247,story1,给我提了许多解决问题的建议，并用母亲那温暖的话语来安慰我，鼓励我。
248,story1,"小小的粉红色信封成了我和妈妈心灵沟通的桥梁。人常说"""
249,story1,"三岁一个代沟""。虽有些夸张，但正说明了现代年轻人的特点。"
250,story1,可怜善良的天下父母，和追寻自尊自强的年轻人，推倒你们心灵周围的墙吧，它会变成通向和谐幸福的桥。
251,story1,“风头”与“豹尾”。都说生活的船不能没有理想的帆，都说生活的理想就是为了理想的生活。
252,story1,而理想的生活中最快乐的时光，便是梦想的花季。花季中，我希望自己能永远记住先哲的那句良训：生活的船不能没有理想的帆，
253,story1,生活的理想就是为了理想的生活。《把梦想带给花季》看着“春风又绿江南岸”，赏着“漠漠水田飞白鹭”，
254,story1,听着“无边落木萧萧下”，又道“燕山雪花大如席”，我手捧着一本《唐宋诗词选》，嗅着茗品的馨香，
255,story1,吟着这些或清新隽永，或语意明快，或感人肺腑的诗章，心也随着一起陶醉在这些文学作品中了，
256,story1,我的喜怒哀乐也一起随它们荡漾了。这就是我痴迷《唐宋诗词选》的原因。
257,story1,林荫小道上，一位满脸微笑的妈妈，正牵着她刚满两岁的女儿，慢慢地行走，蹒跚学步，轩觉得好累，
258,story1,打开它，是一个五彩缤纷的世界，有感人的情节感动你，有拍案叫绝的名句令你惊叹，有可喜的人生让你去感受。
259,story1,读《唐宋诗词选》，我真痴迷。读《唐宋诗词选》，我真痴迷。
260,story1,青春的风铃吹开了心扉，青春的彩笛吹动了梦想，青春的音符带动我们奔向希望。
261,story1,青春，这个美好的季节，正是我们播种希望的时候，珍惜它，把握它，让它在我们手中放出夺目的光彩。《把握青春》。
262,story1,疲命于人生大道上的烦琐杂乱，顾忌到人生旅途中的变化万千，我们不得不瞻前顾后，你为什么不低头看看呢？
263,story1,那样你会觉得很清晰。因为只有看越近的东西，才能看得越透彻，越明白。
264,story1,同样常低头看看，总会拾起一个遗忘在脚下的真理。有时眺望浩瀚的星空，会觉得那是展望未来，
265,story1,可星空毕竟可望而不可及，留下的只能是美好的回忆。
266,story1,有时翻开积灰已久的厚书，觉得那是一种回顾历史。轻轻地拍打那些尘埃，然后就只能拿起沉甸甸的书，
267,story1,再将它放回原处，肆意地让尘埃再次刷洗。留下的也只不过是一点无奈，一点惆怅。
268,story1,好奇地盯着妈妈的脸，小嘴噘得高高的，眉头皱的紧紧的，然后咿咿呀呀地嚷嚷，这是她反抗惯用的伎俩。
269,story1,展望未来是李白的“长风破浪会有时，直挂云帆济沧海”。回顾历史是晏殊的“无可奈何花落去，
270,story1,似曾相识燕归来”。《低下头看看》。大地宽容了花草、树木，使自己变得更加美丽；地球宽容了阳光，
271,story1,使自己得到了光明；海洋宽容了鱼儿，使自己变得更加有活力。《宽容》。
272,story1,妈妈笑着看她，耐心地说，轩乖！再走一下下就好了，轩，最勇敢了，再坚持一下哦！
273,story1,轩望着漂亮的妈妈，微微地笑了，手心的热已升华成了水，握着妈妈温热的手，她感到很安全，
274,story1,牵着手，她坚持着，她没感觉，一种叫做毅力的东西，通过妈妈的手，已灌输到她心上。
275,story1,阿里巴巴的中国梦，就是位全球服务。阿里巴巴梦的构筑，是在一次次挫败中渐渐清晰的。
276,story1,一九九五年，阿里巴巴成立四年前，杭州师范大学的英语教师马云去了一趟美国西雅图，第一次接触互联网。
277,story1,"是""近""的意思，""雅""是""正""的意思，在这里专指""雅言""，即在语音、词汇和语法等方面都合乎规范的标准语。《尔雅》"
278,story1,的意思是接近、符合雅言，即以雅正之言解释古汉语词、方言词，使之近于规范。《尔雅》成书于战国或两汉之间，
279,story1,上限不会早于战国，因为书中所用的资料，有的来自《楚辞》、《列子》、《庄子》、《吕氏春秋》等书，而这些书是战国后的作品。
280,story1,书中谈到的一些动物，如狻猊，据研究，不是战国以前所能见到的。
281,story1,也有认为《尔雅》成书的下限不会晚于西汉，因为在汉文帝时已经设置了《尔雅》博士，到汉武帝时已经出现了犍为文学的《尔雅注》。
282,story1,亚马逊公司是美国最大的一家网络电子商务公司，位于华盛顿州的西雅图。
283,story1,是网络上最早开始经营电子商务的公司之一，亚马逊成立于一九九四年，一开始只经营网络的书籍销售业务，
284,story1,现在则扩及了范围相当广的其他产品，已成为全球商品品种最多的网上零售商和全球第二大互联网企业。
285,story1,亚马逊及其它销售商为客户提供数百万种独特的全新、翻新及二手商品，如图书、影视、音乐和游戏、
286,story1,数码下载、电子和电脑、家居园艺用品、玩具、婴幼儿用品、食品、服饰、鞋类和珠宝、健康和个人护理用品、
287,story1,而在国内，大众对互联网的了解还几乎是空白。这个善抓机遇的年轻人，做出了一个大胆的决定：将来就做这个！
288,story1,体育及户外用品、玩具、汽车及工业产品等。二零零四年八月，亚马逊全资收购卓越网。
289,story1,二零一九年七月十八日，亚马逊停止为亚马逊中国网站上的第三方卖家提供卖家服务。
290,story1,二零二二年五月，据美国媒体报道，亚马逊公司计划将三千多颗卫星送入近地轨道，以提供卫星互联网服务。
291,story1,"这个项目被称为""柯伊伯计划。二零二一年七月，杰夫贝索斯正式卸任亚马逊首席执行官，由安迪贾西继任。二零二一年《财富》世界五百强排行榜第三位。"
292,story1,"温姓是中华""百家姓""之一。姓氏来源有多种说法，比较可信的说法是:出自姬姓黄帝的后裔，以国名为姓。"
293,story1,温姓起源于今河南温县西南，形成宗族、望族是西汉的并州祁。
294,story1,根据公安部二零零九年身份证数据库的数据统计，温姓人口数量约一百九十万，在中国各姓氏中排名第一百零四位。
295,story1,阿里巴巴取名的故事如今已是耳熟能详。创业伊始，他就想给未来的公司取一个全球化的名字。
296,story1,北京故宫是中国明清两代的皇家宫殿，旧称紫禁城，位于北京中轴线的中心。
297,story1,北京故宫以三大殿为中心，占地面积约七十二万平方米，建筑面积约十五万平方米，有大小宫殿七十多座，
298,story1,房屋九千余间。北京故宫于明成祖永乐四年开始建设，以南京故宫为蓝本营建，到永乐十八年建成，
299,story1,在美国旧金山，马云在吃饭时问服务员，你知不知道阿里巴巴？
300,story1,成为明清两朝二十四位皇帝的皇宫。北京故宫南北长九百六十一米，东西宽七百五十三米，四面围有高十米的城墙，
301,story1,城外有宽五十二米的护城河。北京故宫内的建筑分为外朝和内廷两部分。
302,story1,北京故宫是世界上现存规模最大、保存最为完整的木质结构古建筑之一。
303,story1,零跑汽车是浙江零跑科技股份有限公司旗下的科技型智能电动汽车品牌，成立于二零一五年十二月二十四日。
304,story1,自成立以来，零跑汽车始终坚持核心技术的自主研发，成功自研智能动力、智能网联、智能驾驶三大核心技术，
305,story1,是拥有智能电动汽车完整自主研发能力以及掌握核心技术的整车厂家。
306,story1,二零一九年十月，零跑汽车以七十亿元位列二零一九胡润全球独角兽榜第二百六十四位。
307,story1,二零二零年五月九日，一汽轿车与零跑汽车在长春正式签署战略合作协议，双方将在智能电动汽车关键零部件的研发、
308,story1,制造和生产应用上展开合作，联合策划与开发智能电动车车型。
309,story1,二零二一年四月三十日，工信部发布了第三百四十三批《道路机动车辆生产企业及产品公告》，零跑作为被许可的整车生产企业在该批公告中予以发布，
310,story1,女服务员说：当然知道，阿里巴巴芝麻开门。马云到新加坡，又跑到街上问人，看阿里巴巴是不是一个世界通行的名字。
311,story1,这标志着零跑通过核准，获得新能源汽车生产资质。二零二一年七月十五日，金华工厂首台整车零三舒享版下线，
312,story1,标志着零跑真正实现智能汽车自研、智产、销售、服务一体化完整产业链，成为国内新势力中唯一具备全域自研自造能力的企业。
313,story1,二零二二年九月二十九日，零跑汽车完成了在港交所上市，首日开盘价四十一港元每股。
314,story1,最后，有了今日的阿里巴巴。阿里巴巴创于中国，为世界而生。
315,story1,《尔雅》是辞书类文学作品，最早收录于《汉书·艺文志》，但未载作者姓名。
316,story1,作品中收集了比较丰富的古汉语词汇。它不仅是辞书之祖，还是典籍经，被列入《十三经》中。
317,story1,"是汉族传统文化的核心组成部分。《尔雅》是第一部词典，""尔"""
318,story1,小时候，我最喜欢在军属大院里的里和我的小伙伴阿温，亚斯打网球。
319,story1,军属大院里没有网球场，我们就经常偷我邻居罗云云家的渔网当做球网，捡两只稍长的木棍或竹棍撑起，
320,story1,正当筹措之时，只见他朝我们这方向招招手“出来吧，你们仨跟了我一路了”。
321,story1,我们低着头不好意思地搓着衣角，阿温先开口说“罗叔叔，我们其实是想去边上篮球场的”“阿温，阿温说的是”亚斯紧接着说道。
322,story1,罗叔叔说“真的嘛，那好可惜哦今天电影院刚好有新电影，我还想邀请你们一起去看呢。”我，
323,story1,阿温，亚斯，你看看我，我看看你好半会儿说不出话。
324,story1,这时罗叔叔又笑着说“赶紧进去吧，错过了好看的电影可别后悔哦。”第二天我们在院里碰到了罗云云，
325,story1,便问她为什么不跟我们说她爸爸是在电影院上班的。“你们要是知道了，不非得天天缠着我爸爸带你们去看电影嘛，我才不跟你们说呢”。
326,story1,每次都能玩得不亦乐乎，罗叔叔看到我们偷拿了他的渔网，也并不会责怪，只会笑着说“明儿我要是逮不到鱼，
327,story1,八成就是你们三个小兔崽子坑的”。在我的印像中罗叔叔好像没有上过班，不会像我父母那样每天早出晚归，
328,story1,有时候还要去很远的地方出差，罗云云说因为她爸爸不是在部队任职的，所以不会像我们父母那么忙碌。
329,story1,我经常都在傍晚的六七点看到他走出军属大院，于是我们对罗叔叔的工作充满了好奇，有次我放学迟在大院门口碰到了匆匆出门的罗叔叔，
330,story1,还没来得及跟他打招呼，他就已经蹬着自行车走了。军属大院边上是老城区，他一个拐弯，我连背影都瞧不见了。
331,story1,每次追问罗云云她总是不肯说，于是在某个周六傍晚，我，阿温还有亚斯在上次我看到罗叔叔消失的那个转角等着他出现，
332,story1,再跟踪他。这次他没有骑车，所以跟踪难度并不高。我们跟着他穿过老城区，篮球场，见他在一个电影院的门口停了下来，
333,story1,电影院门口的人都在跟他打招呼，他跟大家寒暄了几句就准备往电影院里走，我们想再往前一点却又怕暴露，
334,story2,买驴。有个人要买驴，但不知那头驴的品性，就先牵来试用两天。
335,story2,他把驴牵到自家牲口棚，和已有的三头驴系在一起。这三头驴一头勤快、一头懒惰、一头善于讨好，
336,story2,许多人都害怕缺斤短两，‘拿掉’的动作更增加了这一顾虑。而‘添点’则让人感到分量给足了，心里踏实，所以就乐于登门。”
337,story2,还有一则小故事，说是一位四十多岁的女顾客发现自己的视力差了，看报也看不清楚，怀疑自己眼睛老花了。
338,story2,于是她到一知名店去配眼镜。女店员问她，“你需要配的眼镜是看远的，还是看近的”。
339,story2,并向她解释，远的是看电视、戏剧用，近的是看书报用的。
340,story2,女顾客怀疑自己老花眼，女店员说“你这么年轻，离老花还远着呢”。
341,story2,一句话说得女顾客心花怒放，配了看远看近两副眼镜。
342,story2,点评：只有经过实践磨练的人，才能越来越体会到“企业就是细节”的真谛。
343,story2,如果他没有持之以恒地做好每一个细节的务实精神，就达不到“举重若轻”的境界。
344,story2,堡垒从哪里攻破。日本札幌市五名中国学生，自筹资金开办了一家中国四川风味餐厅，又当老板，
345,story2,又当侍应，生生意颇红火。二名泰国学生买来中国菜谱，依法调制烹炒，在街对面也开起一家川味餐馆，
346,story2,人人对此了解得一清二楚。这新买的驴子被牵回家后，不和别的驴子站在一起，只走到那头好吃懒做的驴子旁边。
347,story2,菜价比中国人的便宜一半，但生意清淡。菜价再降，也未见起色，因为日本人相信正宗。
348,story2,泰国学生拟免费供餐一周挤垮对手，遂请来日本谋士决断。
349,story2,谋士曰，“不可。要提高菜价，超出中国学生的二到三倍，将顾客全部推向中国学生。”。
350,story2,由是中国留学生生意火爆，然而口角、争斗渐起，继而几位合伙人又因分配问题大打出手，
351,story2,不久餐厅关闭。泰国学生挂起了“正宗川味”招牌。点评：这则故事给人的感慨很多，缺乏合作精神是中国人性的弱点之一，
352,story2,日本人正是看中了这一弱点，而向泰国人提供了强力的“杀伤武器”。
353,story2,类似的例子在我们身边不胜枚举。中国加入之后，营销国际化是不可逆转的潮流。“合作”、“共赢”的口号不断充斥着我们的耳鼓。
354,story2,但作为营销人，我们不能仅仅停留在口号上，关键还得看行动。
355,story2,一碗汤的学问。有一次台湾诗人林先生在日本到一家中国人开的餐馆，要了一份他感兴趣的汤。
356,story2,入座不久，服务生将一大盆汤放在他面前。他一愣，问服务生，“这么大一盆，我能喝得了吗”。
357,story2,买驴人见状，二话没说，马上又牵着这头驴子回到市场上去。“你还没有好好试试呢。”，卖驴的人说。“不必再试了。”，买驴的人回答说，“现在我知道它是什么样的驴了。”
358,story2,服务生理直气壮地回答，“你没说明是要一小碗汤呀”。他一时语塞，匆匆喝了几口汤，心里感到不是滋味，
359,story2,便按一大盆汤的价格付了钱后拂袖而去。后来他又来到一家日本人开的料理店，要了一份同样的汤，
360,story2,也没有说是一大盆还是一小碗。不一会，服务生给他端来一小碗汤，并说，“如果不够可再来一碗。”。
361,story2,他只喝了一小碗，当然只付了小碗汤的钱。再后来他每次去日本，都要到那家料理店用餐，包括喝他感兴趣的汤。
362,story2,点评，一、营销行为体现出经营者的人生态度。
363,story2,如果只是一门心思想赚钱，那么他的所谓“顾客是上帝”就是一句空话。
364,story2,二、“君子爱财，取之有道”。“宰客”也许能得逞于一时，却无法赢得客户的心。三、攻心术永远是营销最有力的武器。
365,story2,去和尚庙推销梳子创造市场。有四个营销员接受任务，到庙里找和尚推销梳子。
366,story2,第一个营销员空手而回，说到了庙里和尚说没头发，不需要梳子，所以一把都没销掉。
367,story2,第二个营销员回来了，销了十多把。他介绍经验说，我告诉和尚头皮要经常梳梳，不仅止痒，
368,story2,营销启示：管理实际上是对人的管理营销，管理同样如此。
369,story2,头不痒也要梳，可以活络血脉有益健康。念经念累了梳梳头，头脑清醒，这样就销掉一部分梳子。
370,story2,第三个营销员回来，销了百十把。他说，我到庙里去跟老和尚讲，您看这些香客多虔诚呀，
371,story2,在那里烧香磕头，磕了几个头起来，头发就乱了，香灰也落在他们的头上。
372,story2,您在每个庙堂的前面放一些梳子，他们磕完头烧完香可以梳梳头，会感到这个庙关心香客，下次还会再来。
373,story2,这一来就销掉了百十把。第四个营销员说，他销掉好几千把，而且还有订货。
374,story2,他说：我到庙里跟老和尚说，庙里经常接受人家的捐赠，得有回报。
375,story2,给人家买梳子送给他们，是最便宜的礼品。您在梳子上写上庙的名字再写上三个字“积善梳”，
376,story2,说可以保佑对方，这样可以作为礼品储备在那里，谁来了就送，保证庙里香火更旺。
377,story2,这一下就销掉了好几千把。这个例子告诉我们，市场是可以创造的。老是想着“和尚要什么梳子呀”，工作就没法做了。
378,story2,当小老虎渐渐长大。从前在一个马戏团里，有一位驯养员。
379,story2,我们通常的老话，“物以类聚，人以群分”。观察和使用管理对象时，这个道理同样适用。
380,story2,在他所饲养训练的动物当中，以一对小老虎的表演最为逗趣、可爱，演出时场场满座，广受观众的喜爱。驯养员每天喂小老虎一斤肉，然后再施以训练。
381,story2,因此驯养员相当得意，摸摸两只小老虎的头以示赞许，老虎也咆哮一声，自鸣得意一番。
382,story2,随着时间的流逝小老虎长大了，随着时间的流逝小老虎长大了。而驯养员却仍然每天只喂它们吃一斤肉。
383,story2,到了第三年，小老虎已经变成大老虎了，这时它们的食量大增，仅吃一斤肉已经不能填饱肚皮，
384,story2,所以它们常在表演时对着驯养员吼叫，暗示它们的需要。
385,story2,“拿掉”与“添点”。有一家卖瓜子的小店儿生意特火，其它同类商家怎么也比不上。
386,story2,其中“玄机”何在。该店老板说“其实我们家瓜子除了味道独特以外，在经营方面还有一个小技巧。
387,story2,就是在称量时，别人家总是先抓一大把，称的时候再把多的拿掉。
388,story2,而我家总是先估计得差不多，然后再添点。这‘添一点’的动作看似细小，却符合顾客的微妙心理。
389,story2,然而驯养员不以为然，以为它们又在自鸣得意。一天在全场爆满的观众的期待之下，驯养员又带着这对老虎出场献艺。
390,story2,驯养员先喂老虎吃了一斤肉老虎也做了一番精彩的演出。
391,story2,其无绳电话的做法可圈可点。西门子此次营销最大亮点在于全球限量推出了有世界级车手签名版无绳电话，并玩起拍卖噱头和限量销售。
392,story2,首先，为了能在昂贵的游戏中脱颖而出，西门子在产品创意上下足了功夫。
393,story2,西门子推出了全球限量版数字无绳电话，在设计上力求体现的运动精神。
394,story2,版最大亮点在于其别具匠心的设计理念，以赛车手的第一视觉定格电光火石的刹那景象。
395,story2,极速红外壳宣泄澎湃激情，中间的流光溢彩则是赛车手在高速飞驰时所见景象。
396,story2,赛道、赛车、标志线交织成一幅真实的画面，试图让使用者恍若亲临其境，纵情挥洒极限魅力。
397,story2,怎样吊起观众的胃口，西门子玩起了明星签名的噱头和全球限量销售。
398,story2,西门子请出了车手莱科宁在版电话上留下签名，并选择互动行销的淘宝网上限量拍卖签名无绳电话。
399,story2,比赛当天刚结束，有签名的特别版在淘宝网上进行拍卖。
400,story2,到拍卖结束时，这款原价一千元的无绳电话涨到了七千五百元的天价。
401,story2,然而接着它们却在全场观众的热烈掌声中咆哮一声，在众目睽睽之下向驯养员猛扑过去。
402,story2,另外，还在全球几个大城市的大百货店外限量销售。营销是系统作战，营销是系统作战，需要调动各个资源，
403,story2,整合利用，达到资源利用最大化。西门子无绳电话延续了与的合作成果，以版电话融入精神，
404,story2,力图折射出西门子形象，还搞了网上拍卖和所谓的全球限量销售，可谓噱头恰当、声势浩大、配合严密、淋漓尽致。
405,story2,爱心营销。虽然很多企业把捐建希望小学当作一种“爱心营销”活动，但是更多企业却希望从爱心营销中蜕变出来，
406,story2,变营销活动为纯粹的爱心活动，而场外却能得到更多的赞誉。
407,story2,南方李锦记就是这样一个企业。九月二十日南方李锦记在中国大陆上捐建的第六所希望小学水美无限极海联小学，
408,story2,在惠东安墩镇水美村落成。此前南方李锦记已相继在广西、四川、辽宁、黑龙江等省份捐建希望小学四所。
409,story2,今年年初，在中华海外联谊会的组织下，南方李锦记主动认捐一百万用于建设三所无限极海联小学。“水美无限极海联小学”是继吉林农安县“天启王无限极海联小学”之后落成的第二所海联小学。
410,story2,预计在十月大连也将会有第三所海联小学落成。点评：近年来不少企业均热衷于到贫困山区捐建希望小学。
411,story2,希望能够为当地人民带来消除贫困最为彻底的方法，这就是知识。
412,story2,启示：在直销事业的发展过程中由于一分成就而获得一分掌声的鼓励是必然的。
413,story2,对于企业的这种行为，有营销专家称之为“爱心营销”。所谓的爱心营销就是企业通过一系列爱心活动在公众中树立起健康、
414,story2,热心社会等良好形象，从而其品牌能在短时间内深入民心。
415,story2,不多久，他就筹集了足够的贷款，只等客户来订货了，但订货单可没有那么容易得到。
416,story2,当时没有一个外商相信韩国的企业有造大船的能力。怎么办，郑周永为此苦思冥想，终于他想出了一招。
417,story2,他从一堆发黄的旧钞中挑出了一张五百元的纸币，纸币上印有十五世纪朝鲜民族英雄李舜臣发明的龟甲船，
418,story2,其形状极易使人想起现代的油轮。而实际上龟甲船只是古代的一种运兵船，李舜臣就是用这种船大败日本人，
419,story2,粉碎了丰臣秀吉的侵略。郑周永随身揣着这张旧钞，四处游说，宣称朝鲜在四百多年前就已具备了造船的能力，
420,story2,完全能胜任建造现代化大油轮。经他这么一游说，外商果然很快就签出了两张各为二十六万吨级油轮的订单。
421,story2,点评：营销人员时时刻刻要证明自己，证明自己的能力和智慧。
422,story2,但是随着事业的发展历程，公司是否真的掌握了直销商的需要呢？
423,story2,如何证明，“让历史说话”不失为一条好的途径。我们发现许多名牌企业都喜欢“标榜”自己是“百年企业”、“老字号”、“历史悠久”，
424,story2,其道理就在于此。成功青睐好创意，每个人都渴望成功，有很多人每时每刻都在为寻找成功的捷径而绞尽脑汁，
425,story2,并付出了艰辛的努力。但是，我们又不得不承认，在现实生活中，成功却往往属于少数人，而多数人则与成功无缘。
426,story2,究其原因，固然很多，但有无好的创意则是成功与否的分水岭。这样的例子俯拾皆是。
427,story2,日本有一个家庭妇女，只不过在废弃的旧罐头里放些土，并撒下花籽，拌上复合肥料，使那些爱花，而又较懒的外行每天在上面浇点水，
428,story2,日后便可尝到摆弄花草的乐趣。她开发的这项产品销路很好，当年就获利二千万日元。
429,story2,英国一位七十岁老人在电视上看到主持人摊开地图介绍地球，他觉得这样很不方便，且又不直观。
430,story2,于是他便着手发明地球仪。有些眉目时就打广告。不久订单便雪片似的从世界各地飞来，一年营业额高达一千四百万英磅。
431,story2,西铁城手表的质量是令世人有目共睹的，但早期的销路却不尽人意。
432,story2,后来有位年轻的销售人员给公司出了一个绝妙的主意，那就是从飞机上往下扔手表，由此引来了成千上万的人前来拾表和观看，
433,story2,老直销员是否也真的了解下面新直销员的需求呢？如果直销事业只是停留沉溺在热烈的掌声当中，而无法察觉直销商的真正需求，
434,story2,就这个新颖而又独特的广告创意，便使该产品誉满天下，畅销全球。
435,story2,同样在我国，有家橘子罐头厂的技术人员在逛市场时，发现鱼头比鱼身贵，鸡爪比鸡肉贵。
436,story2,他由此想到厂里每年都要遗弃大量的橘子皮，是不是可以废物利用，创造新的价值呢。
437,story2,于是，他广泛收集资料，了解到橘皮中含有丰富的维生素，且橘络中含有大量食物纤维，有理气消滞增进食欲等功效。
438,story2,他经过几个月的技术攻关，研制开发出了珍珠陈皮罐头，每瓶卖到了三十多元，是橘子罐头价格的十余倍。
439,story2,通过上面这些事例，我们可以看到成功与学历、背景、社会地位以及年龄大小都无必然联系。
440,story2,它只青睐一个个新颖奇特的好创意。人们只要抓住创意思维这根神奇的缰绳，那么成功之日就离你不远了。
441,story2,有朝一日下属也会变成马戏团的老虎。所以请开辟并珍惜双方真诚的双向沟通渠道，随时了解他人的需求。
442,story2,特别在培训教育上应该要因人制宜才能取得最佳的效果。
443,story2,巧搭顺风车。上海站余热未消，除了那些飞驰的赛车，人们可还记得那些激情燃烧的品牌。
444,story2,西门子作为全球合作伙伴及麦克拉伦车队的主要赞助商，搭上了中国赛的顺风车。
445,story2,特别的鞋店广告。解放前，南京有家鹤鸣鞋店，牌子虽老却无人问津。
446,story2,老板发现许多商社和名牌店那时兴登广告推销商品，他也想做广告宣传一下。
447,story2,我们所处的时代科技发展日新月异，经济发展突飞猛进，新生事物层出不穷。
448,story2,因此我们必须敢想、敢说、敢干、敢于创新跟上时代潮流，更要有超前意识。这些都是成功者必备之素质。
449,story2,羊和狼的故事。很久以前有一个牧羊人，在北方寒冷的地方放牧了一群羊。
450,story2,起初温度比较适宜羊的生存，它们日子过得比较舒适，慢慢地便养成了一种不爱动的习惯。
451,story2,冬天来了，气温聚降，寒冷的气候使羊群无法适应，很多羊都被冻死了。
452,story2,牧羊人感到非常难过，为了使羊能更好地生存下去，他绞尽了脑汁，最后终于想出了一个看似可怕的方法：在羊生活的地方放了几只狼。羊感到了生存的危机，以不断地奔跑来防止狼的袭击。
453,story2,这样的奔跑有效地抵御了寒冷的侵袭，羊反而比以前死得少了。
454,story2,营销启示：由这个寓言当中我们不难看出，有时候危机反而能够使人们更好地生存。
455,story2,企业也是这样，只有将危机意识落实到行动上，才不至于被安逸和舒服所吞噬，才能更好地生存下去。
456,story2,呆若木鸡。一日读《庄子》读到一则小故事，赫然发现里面也有一句成语，等到把故事读完，
457,story2,但怎样的广告才有效果呢？店老板来回走动寻思着。这时帐房先生过来献计说，商业竞争与打仗一样，只要你舍得花钱，在市里最大的报社登三天的广告。
458,story2,这才惊觉，我们平日可能把成语都用错了。这个故事教人怎么养鸡。
459,story2,有一位纪先生替齐王养鸡，这些鸡不是普通的老母鸡，而是要训练好去参加比赛的斗鸡。
460,story2,纪先生才养了十天，齐王就不耐烦地问，“养好了没有”。
461,story2,纪先生答道，“还没好，现在这些鸡还是骄傲、自大得不得了。”。
462,story2,过了十天齐王又来问，纪先生回答说，“还不行，它们一听到声音，一看到人影晃动就惊动起来。”。
463,story2,又过了十天齐王到来了，当然还是关心他的斗鸡。纪先生说，“不成，还是目光犀利盛气凌人。”
464,story2,十天后，齐王已经不抱希望来看他的斗鸡。没料到纪先生这回却说，“差不多可以了，鸡虽然有时候会啼叫，
465,story2,可是不会惊慌了，看上去好像木头做的鸡，精神上完全准备好了。其它鸡都不敢来挑战，只有落荒而逃。”
466,story2,营销：启示呆若木鸡不是真呆，只是看着呆。
467,story2,其实可以斗，可以应战，可以吓退群鸡。活蹦乱跳、骄态毕露的鸡不是最厉害的。
468,story2,第一天只登个大问号，下面写一行小字‘欲知详情请见明日本报栏。’。
469,story2,目光凝聚、纹丝不动、貌似木头的鸡才是武林高手，根本不必出招就令人望风而逃。
470,story2,“五零”老人超市。在奥地利首都维也纳，有专门为五十岁以上老人服务的购物场所，其标志为“五零”超市。“五零”超市创意很简单，
471,story2,但又很独到。超市货架之间的距离比普通超市大得多。
472,story2,老人可以慢慢的在货架间选货，而不会显得拥挤或憋气。
473,story2,货架间设有靠背座椅，购物推车装有刹车装置，后半截还设置了一个座位，老人如果累了，还可以随时坐在上面歇息。
474,story2,货物名称和价格标签比别的超市也要大，而且更加醒目，货架上还放着放大镜，以方便老人看清物品上的产地、
475,story2,标准和有效期等。如果老人忘了带老花镜，可以到入口处的服务台去临时借一副老花镜戴上。
476,story2,最重要的是，超市只雇用五十岁以上的员工。对此，一家“五零”超市经理布丽吉特伊布尔说，“这受到顾客的欢迎，
477,story2,增加了他们的信任感。”从中获益的不仅仅是顾客。雇用的十二名员工又可以重新获得了工作，他们十分珍惜这份工作，
478,story2,积极性特别高。“五零”超市由于替老人想得特别周到，深受老人欢迎。
479,story2,第二天照旧，等到第三天揭开谜底，广告上写‘三人行必有我师，三人行必有我鞋，鹤鸣皮鞋’。
480,story2,同时被其他年龄层，例如带孩子的年轻母亲所接受。“五零”超市商品的价格与其他没有特殊老年人服务的所有超市一样，
481,story2,营业额却比同等规模的普通超市多了百分之二十。我国也正在向老年化社会过渡，银发市场商机多多。
482,story2,产品创意拓展市场空间。好创意也能生财，这话一点不假。
483,story2,江西信丰瓜农刘新女种植了四亩西瓜，当西瓜长到八成熟时，她将写有“吉祥如意”、“生日快乐”等词句的纸剪成空心字贴在西瓜上，
484,story2,通过阳光的照射作用，几天后西瓜便长出清晰的文字来。结果“长”字的西瓜吸引了一批瓜商前来抢购。
485,story2,刘新女将创意巧妙地运用到农副产品生产上，西瓜由此销路大开，而且还卖出了好价钱。
486,story2,创意使普通的西瓜变成“长”字的西瓜，让消费者买瓜的同时得到了一份精神上的满足，这便是创意赋予产品的独特魅力。
487,story2,农产品可以创意，同样工业产品也可创意。江苏启东盖天力制药股份有限公司也在产品创意上尝到了甜头。
488,story2,该公司针对市场上的感冒药组方陈旧、服后易打瞌睡以及颜色以白色居多等不足研究出一套产品创新革新方案。
489,story2,在国内第一次采用了日夜分开的给药方法。白天服用的片剂能迅速解除一切感冒症状，解决了以前感冒药不能解决的嗜睡。
490,story2,老板一听，觉得此计可行，依计行事。广告一登出来，果然吸引了广大读者。
491,story2,夜晚服用的片剂抗过敏作用更强，服后晚上睡得更香。有一句广告词“消除感冒，黑白分明”。
492,story2,难怪该产品投放市场半年内销售额高达十六亿元，在全国市场的占有率为十五。
493,story2,眼下不少企业抱怨市场竞争激烈，产品在市场上难以打开销路，这和有的企业经营者缺乏产品创意有关。
494,story2,要知道几十年一副“老面孔”和毫无创意的产品已难以引起消费者的兴趣，更难以拓展市场。
495,story2,当然产品创意并非凭空想象，创意者要有一定的科技头脑和一套摸透消费者心理并投其所好的本领，才能有把握使自己产品创意一举成功。
496,story2,使消费者“一见钟情”。从而使自己的产品不断拓展新的市场空间，并在市场竞争中一枝独秀畅销不衰。
497,story2,鹤鸣鞋店顿时家喻户晓，生意红火。老板很感触地意识到，做广告不但要加深读者对广告的印象，
498,story2,还要掌握读者求知的心理。这则特别的商业广告，也显示出赫赫有名的老商号财大气粗的气派，从此鹤鸣鞋店在京沪鞋帽业便鹤立鸡群。
499,story2,启示：这个故事讲的是鹤鸣鞋店的广告。虽然广告人们接触得颇多，但有没有想过怎样做才能吸引更多的人呢？
500,story2,帐房先生可谓独具匠心。他精心策划，广告虽然做得简单，但敢于标新立异，冲破传统观念，因而取得了极大的成功。
501,story2,不怕做不到，就怕想不到。变色毛巾，上海萃众毛巾厂生产的“变色毛巾”成了市场上的抢手货。
502,story2,这种毛巾的表面图案上是猪八戒背丑媳妇，毛巾一浸到水里，丑媳妇变成了孙悟空，可毛巾一离开水又成了丑媳妇。“变色毛巾”由于迎合了人们求新好奇的消费心理，
503,story2,这种鞋投产后，几乎销到哪里就热到哪里，这位老板也很快赚了大钱。
504,story2,圣诞营销术。圣诞节和元旦快到了，许多商家自然不会放过节日促销的机会，特别是圣诞节。
505,story2,由于这个老洋节在国内开始焕发青春，对青少年消费群越来越有吸引力。
506,story2,与圣诞及爱情有关的商品、餐饮特别好销。于是，随着圣诞节日子临近，市面上圣诞气氛也一天比一天浓。
507,story2,李小姐去年圣诞节期间，在自己那间地处闹市的小小精品店，专门摆卖圣诞礼品，但收益平平。
508,story2,许多顾客随便看看，就转到附近的大型超市去买了。因为超市同类的货品更多，选择的余地更大。
509,story2,今年，李小姐决定改变策略。首先在进货上专挑新奇、另类的，力求人无我有。
510,story2,其中不少是请人按自己的设计意念用手工做的，如圣诞挂，件、小摆设、圣诞画、贺卡、圣诞真树盆景、
511,story2,唐装圣诞老人和本地校服雪人公仔等，甚至一些恤、童服、帽子都打上自己的圣诞“烙印”。
512,story2,而且所有的货品都是限量版，不求卖得多，只求回报高。
513,story2,从而在竞争激烈的毛巾市场上一枝独秀，其销量比普通毛巾高出五倍。
514,story2,其次可以拿包括在其他地方买的圣诞商品，加一点钱来换购店里任何一种货品，无论节前节后都可以。
515,story2,许多商店都不搞圣诞商品回收，李小姐这样做等于变相拉客，因为她赚的利润大都已包含在加的那点钱里面了。
516,story2,譬如拿一件回购价十元的旧圣诞商品换购李小姐标价二十元的新货品，顾客只需付十元，也不好意思怎样讨价还价了。
517,story2,而实际上平时牙尖嘴利的顾客，哪怕将价打到十元，李小姐仍有钱赚，因为它的进价只是八元。
518,story2,而回购进来的东西清洁一下，优化组合一下，再标个低价，又是一件颇具吸引力的商品。
519,story2,实在不行，打包卖给收破烂的也有利可图。送给姐姐开的幼儿园亦是善举。
520,story2,眼下，李小姐已开始实施她的圣诞营销策略，从店里比平时热闹的场面和她自信的笑容上，我相信她今年圣诞的收益一定会比去年好得多。
521,story2,在节日市场上，同类商品多竞争激烈时，实力雄厚的商家可以采用薄利多销、减价促销策略来争夺顾客，
522,story2,提高销量使利润增加。但薄利多销会使市场很快饱和。
523,story2,这令实力不足的商家生存更为艰难。因此李小姐“因己制宜”避开和强势商家正面对抗，独辟蹊径突出自己的优势和卖点的营销手法，
524,story2,红萝卜馒头：内地有家个体饭店目睹几十年来清一色的馒头始终销路平平，店老板灵机一动买来本地特产红萝卜切碎，
525,story2,颇有出奇制胜的味道。李小姐的可取之处还在于利用换购增加了知名度。
526,story2,对于小精品店而言，有了知名度可以吸引更多客人，李小姐将来只要注意做好顾客忠诚度的培养，小店的生意便会越来越好，
527,story2,小店做成大店大公司也不出奇。李小姐的圣诞营销术，大商家也可以从中得到一点启示。
528,story2,掌握金钱的智慧。一位赴美访问学者在蒙大拿州一个小城波兹曼的一家文具店看中了一台打印机，
529,story2,当他正准备付钱买下来带回中国时，那位售货的小伙计马上对他说，“我建议你不要买，因为这些都是中国生产的，
530,story2,你回国后买肯定比这里便宜。”。说着小伙计还特地把那台打印机翻了个身，让他看产地标签。
531,story2,他确实感到很惊讶，售货的小伙计为什么那么为他着想，做成这样一笔生意对他和公司不是更好吗？
532,story2,这位访问学者陷入深思。究其原因，在于美国人的经商行为强调赢取顾客的心。
533,story2,贪财的“黑心”老板当然也有，不过美国强大的舆论力量和完备的法律体系令他们注重顾客至上，赚钱赚心。
534,story2,点评：相比之下，我们身边大多的生意人却很难做到这一点，他们考虑最多的就是如何把顾客口袋里的钱掏出来。
535,story2,将红萝卜汁渗入面中推出了“红萝卜”馒头。由于这种馒头很有特色，而且品尝起来还有一种特殊的香味，
536,story2,至于主动送上门来的生意，那更是求之不得了，哪有到手的钱不赚的，岂不成了“白痴”。
537,story2,而更有一些生意人，为了多赚钱还会挖空心思、变着花样来宰客，使顾客望而生畏。
538,story2,比起美国那家商店，我们缺的也许就是别人那种顾客至上的诚意。
539,story2,对美国商人来说，尽管是一时少赚了钱，但却赢得了顾客的心。
540,story2,我们也可以从中看出，他们已经不是单纯地为了赚钱而赚钱，他们已经把经商上升到一种新的境界，真正把生意这本经念活了。
541,story2,你看到商机了吗。翻看中国古代的典故时，看到这样一个小故事，有个鲁国人擅长织葛，
542,story2,他的妻子擅长织绢。在当时葛一般用来做草鞋，而绢一般用来做帽子。
543,story2,有一天这个鲁国人决定举家搬到千里之外的越国去谋生计。
544,story2,鲁国人刚一做出这个打算，身边便有人取笑他说，越国是蛮夷之地，那里的人出门是从来不穿鞋子，
545,story2,不戴帽子的，像你们夫妇这样编鞋做帽子的人，到越国去干什么呀？
546,story2,使昔日冷冷清清的小店顾客盈门。石壳手表：瑞士有家制表商，别出心裁地用石头做表壳，
547,story2,写这个故事的人的用意主要是为了嘲笑鲁国人的愚昧无知，数千年来看到这个故事的人们，也都会对故事中的鲁国人报以轻蔑的一笑。
548,story2,根据石料的特性不可能生产出两块完全一样的手表来由此满足了西方人贪求稀奇古怪的心理，很快博得青睐。
549,story2,尽管每块“石壳手表”的售价高达一百九十五美元产品仍供不应求。
550,story2,彩色旅游鞋：台湾有位老板在准备到祖国大陆投资办厂前夕，对祖国大陆市场进行考察，发现市场上的旅游鞋几乎是白色一统天下，
551,story2,毫无特色。于是这位老板果断决定投资办一家鞋厂，专门生产一种“彩色旅游鞋”。
552,story2,但读完这个故事，我又想到了之前看到的一个国外小故事，是关于两个推销员的。
553,story2,故事说的是有两个推销员分别被各自的公司派往太平洋上的一个岛国，去开拓公司的鞋业销售市场。
554,story2,因此写下这两个故事，算是为那个被嘲笑的鲁国人正名吧。
555,story2,请相信能够看到常人所不能看到的商机，你就能取得常人所不能取得的成功。
556,story2,公益营销不妨多做点，给充值卡充值、回收和妙用蛋壳、生趣盎然的藤蔓大厦、
557,story2,利用淤泥种植草坪、“微型家庭纸袋机”利用废书报生产家用纸袋。
558,story2,经过将近半年的角逐，“箭牌杯”全国青少年环保创意征集大赛十一月二十八日在北京落下帷幕。
559,story2,据“箭牌杯”全国青少年环保创意大赛组委会介绍，本次大赛覆盖范围广，参赛作品的高水平也出乎评委的意料。
560,story2,本次由地方环保局和学校先行筛选报送的大赛涵盖了一万余所全国大中小学校和三十余个省市。
561,story2,有些地区专门组织了全省、全市或全校的选拔活动，实际参赛学生超过十万人。“利用淤泥种植草坪”等作品是通过实践考察、
562,story2,专家访谈、文献收集和分析实验的方式“催生”创意的。“利废创新一百二十例”等作品则是团队合作的集体智慧“结晶”。“空中停车场”等作品以实物形式将参赛者的创意“视觉化”。
563,story2,箭牌公司亚洲区、中国区企业事务总监吴晓玲表示，“希望箭牌公司热心环保事业的又一次具体行动，
564,story2,两个推销员到达那个岛国以后，惊奇地发现，原来那个岛国上面的居民居然是赤脚走路的，他们还不知道鞋子究竟是什么东西呢。
565,story2,可以帮助更多的社会成员增强对于环境保护的责任意识。”。点评：企业主动承担社会责任已经成为全民创富时代的公众期待，
566,story2,也是企业作为谋求在中国长远发展的社会承诺。借助于公益营销活动企业，既可以加强与消费者的沟通树立良好的企业形象，
567,story2,又能提升企业知名度，何乐而不为。如今公益活动作为一种营销行为，在现代社会中已经产生了越来越广泛的影响，希望中国的企业能像箭牌一样在这方面多多下功夫。
568,story2,善从失败中求胜。美国纽约有一个失败产品博物馆，展出八万多件不受消费者欢迎的产品。
569,story2,这些“残废婴儿”或因质量低劣或因价格昂贵、或因款式不新、或因品牌不响而被消费者冷落、
570,story2,抛弃。令人感动的是，生产失败产品厂家的总裁总是满脸虔诚地面对“上帝”，向参观者征询投诉意见、
571,story2,建议和需求。据了解，美国每年推向市场的新产品有五千四百多种，而真正受消费者欢迎和青睐的仅占百分之二十。可见出一些失败的产品在所难免。
572,story2,失败乃成功之母，研究失败是为了更好地赢得成功，俗话说“吃一堑，长一智”就是这个道理。
573,story2,这些年，我们不少企业都在花大力气开发新产品，当然不乏成功的企业，但也有不少企业遭受了失败。
574,story2,新产品投放市场后，得不到顾客的认同，企业为此背上了沉重的包袱。
575,story2,于是一个推销员给自己的公司发了一条电报过去，说这个国家的居民出门不穿鞋，我们的产品在这里没有销售市场。
576,story2,分析其失败的原因，有的是上市时间晚，步了人家的后尘，市场已被人家牢牢占领；有的是上市产品与消费者需求脱节功能落后、
577,story2,技术不成熟；有的是产品宣传不到位、推销不力，更多的是制造粗糙、质量低劣、价格昂贵而没有市场。
578,story2,点评：对企业而言，出现一些失败产品在所难免，问题是面对失败是文过饰非、
579,story2,遮短护短、高枕无忧还是吸取教训、找出病根。其实成功与失败虽然是两个截然相反的词，但两者并非是不可逾越。
580,story2,成功的前面可能有无数次的失败，而失败的后面总会有成功。
581,story2,市场经济没有一劳永逸的赢家，更不会有不动脑筋不求创新的成功者。
582,story2,失败不可避免，关键是对待失败要有正确、明智、虚心的态度，因为人们从失败中学到的东西和受到的教育往往要比成功中得到的多得多。
583,story2,因此企业生产经营者在开发研制新产品时不要害怕失败，要善于研究失败，要把失败当作一面镜子，
584,story2,常对着这面镜子照一照。这样我们的新产品就会从不成熟变为成熟，从不完美变为完美。这就是美国失败产品博物馆给人们的启迪。
585,story2,而另一个推销员则给自己的公司发电报说，太好了，这个没有一个卖鞋的公司，居民也不穿鞋，我们的产品可以在这里推广，继而普及了。
586,story2,西天取经归来，这世道变化多端，如今营销盛行，今天，我就来考考你们的悟性，
587,story2,你们说什么是营销。”悟空抓抓耳朵：“师父，营销队伍的上空有股妖气，我看营销是通过不同的妖法，
588,story2,包括迷幻大法、夸大法、渲染法、欺骗法、上托法等三十六般法术，将产品或思想卖出去，就是营销。”沙僧摸摸胡子：“师父，
589,story2,大师兄所言差矣，这营销队伍中应该是精英汇聚的地方，哪有什么妖怪？
590,story2,它是通过不同的策略和智谋将产品或思想变卖好的价钱。”八戒咬着手指头：“师父，
591,story2,我好羡慕营销队伍中的女菩萨？营销依我看，就是销售一空就赢利，所以简称‘赢’销？”
592,story2,写这个故事的人的用意主要是为了赞赏那个善于发现潜在商机的推销员，而读到这个故事的读者也会在心中暗自叹服那位推销员的销售眼光。
593,story2,然而这两个故事在我们中国竟然就是那样并行不悖地传播着，从来没有人感觉到其中的不妥鲁。
594,story2,国人继续处于被众人嘲笑的地位，在我们教育孩子的文学读本中，在我们的哲学政治考试试题中，而那位推销员却处在被众人推崇的很高的位置上，
595,story2,被当作优秀推销员的典型，被当作众多商家眼中善于发现商机的典范而继续风光无限着。
596,story2,可是我们是否认真思考过，鲁国人的做法和那位推销员的做法是一样的呀，为什么他在我们数千年的历史中却始终处于被嘲笑的地位呢？
597,story2,虎皮大旗。“拉大旗做虎皮，包着自己，吓唬别人”的伎俩，本是江湖流氓的发迹秘诀、
598,story2,市井无赖的混世法则。“大旗虎皮”蒙人唬人镇住人的奇效，往往为施用此术者带来说不尽道不完的方便和好处，
599,story2,经营有方而收入无限，岂不乐哉。再者，有如此非凡背景，谁敢不刮目相看？
600,story2,铜牌高挂犹如门神站岗，别说寻常顾客识势知趣，决不会在这儿自找麻烦，就是那班穿了制服的神气角色又怎敢冒失登门执法查卫生、
601,story2,查物价、查别的什么，“不看僧面看佛面”嘛！看来，在媒体曝光此事以前，有关“领导”似乎默许了饭店老板将自己的身份面子做虎皮招徕生意的经营策略。
602,story2,毕竟，“专座”的设置也为自己提供了经常宴乐的特殊便利，得以不间断地研究体验中国传统“食文化”的精髓要义，
603,story2,并将其推向新的辉煌而不辞口舌之累、肠胃之苦。何况，如果说向老板源源输送的公款吃喝费，对维持市场繁荣犹如雪中送炭，
604,story2,那么，允许将自己的头衔刻上铜牌公开示众，无异于免费为店家做了一回商业广告，可算“锦上添花”的美事，
605,story2,更是为当地私营经济的发展做出的无私奉献啊。可是，“领导”们酒足饭饱之后，又被人当成“虎皮大旗”扛着耍时，
606,story2,想到过“群众影响”、“公仆守则”之类的吗？饭店若一心一意只为“领导”效劳而不屑真诚为大众服务，
607,story2,纵使高扬“虎皮大旗”大做营销，恐怕也难免落下被普通消费者唾弃的下场。“真实”要怎样传达给顾客？
608,story2,在美国零售业中，有一家很有知名度的商店，它就是彭奈创设的“基督教商店”。
609,story2,于是便惹得一些人争相一试，而且在披挂时还萌发新奇创意，把一门“特种包装学”发展到出神入化的崭新阶段。
610,story2,彭奈常说，一个一次订十万元货品的顾客和一个买一元沙拉酱的顾客，虽然在金额上不成比例，
611,story2,但他们在心里对店主的期望，却并无二致，那就是“货真价实”。
612,story2,彭奈对“货真价实”的解释并不是“物美价廉”，而是什么价钱买什么货。
613,story2,他有个与众不同的做法，就是把顾客当成自己的人，事先说明次等货品：关于这一点，彭奈对他的店员要求得非常严格，
614,story2,并对他们施以短期训练。有时候，店员甚至于还告诉顾客，其他店里有而他们没有的货品。
615,story2,他们会说：“这是一种新出的牌子，我们还没有深入了解它的品质，所以还没有供应。”当彭奈要实行这一接待技巧时，
616,story2,有很多人表示反对，他们认为这样做无疑是给别人的新产品作宣传，但彭奈却认为如果事先不告诉顾客，
617,story2,他们回去后，万一听到别人说，新出的东西如何如何好，他一定会有一种后悔的感觉；但如果事先说明了情形就大不相同，
618,story2,他一定会暗笑那位告诉他的人，买了一件不知好坏如何的东西。
619,story2,彭奈的第一个零售店开设不久，有一天，一个中年男子到店里买搅蛋器。
620,story2,例如，商界就有人看好“大旗虎皮”的震慑效应，灵机一动便移植过来，扯起“虎皮大旗”为自家店面招摇张目。
621,story2,店员问：“先生，先生你是想要好一点的，还是要次一点的？”。
622,story2,那位男子听了显然有些不高兴：“当然是要好的，不好的东西谁要？”。
623,story2,店员就把最好的一种“多佛牌”搅蛋器拿给了他看。男子看了问：“这是最好的吗？”。“是的，而且是牌子最老的。”。“多少钱？”。“一百二十元。”。“什么！
624,story2,为什么这么贵？我听说，最好的才六十几块钱。”。“六十几块钱的我们也有，但那不是最好的。”。“可是，也不至于差这么多钱呀！”。“差得并不多，
625,story2,还有十几元一个的呢。”。男子听了店员的话，马上面现不悦之色，想立即掉头离去。
626,story2,有媒体报道说，某家饭店的包间门前，挂着一块块精致的铜牌，上面分别写着“某区执法局领导专座”、“某区公安局领导专座”等字样，
627,story2,来饭店落座的都是吃饭的客人，一样的消费，一样的付款，并不因为谁的头衔大谁的钞票就比别人的加倍值钱，
628,story2,所以本应一视同仁。老板却不这么看，偏要将食客中身居显赫衙门、头顶“领导”乌纱的人物单独拎出来，
629,story2,标示在金光闪闪的铜牌上，当作一张色彩斑斓的虎皮、一面威风凛凛的大旗，奉为镇店之宝，
630,story2,视若招财祥符。于是，客贵店尊，餐馆自以为身价大涨，似乎众人皆以能挤到“领导专座”上体验一番“首长用膳”的派头为荣耀。
631,story2,如此一来，此店与本地要害部门的“亲密关系”就成了一笔诱人的“无形资产”，饭店凭此必定客源暴满而生意兴隆，
632,story2,彭奈急忙赶了过去，对男子说：“先生，你想买搅蛋器是不是，我来介绍一种好产品给你。”。
633,story2,男子仿佛又有了兴趣，问道：“什么样的？”。彭奈拿出另外一种牌子来，说：“就是这种，请你看一看，
634,story2,彭奈送走顾客，回来对他的店员说：“你知道不知道你今天的错误在什么地方？”。
635,story2,那店员愣愣地站在那里，显然不知道自己的错误。“你错在太强调‘最好’这个观念。”，彭奈笑着说。“可是，”，“您经常告戒我们，
636,story2,要对顾客诚实，我的话并没有错呀！”。“你是没有错，只是缺乏技巧。
637,story2,我的生意做成了，难道我对顾客有不诚实的地方吗？”。店员默不作声，显然心中并不怎么服气。“我说它是同一牌子中最好的，
638,story2,对不对？”。店员点点头。“我说它体积小，适合一般家庭用，对不对？”。
639,story2,店员又点点头。“既然我没有欺骗客人，又能把东西卖出去，你认为关键在什么地方？”。“说话的技巧”。
640,story2,彭奈摇摇头，“你只说对一半，主要是我摸清了他的心理，他一进门就是要最好的，对不？
641,story2,这表示他优越感很强，可是一听价钱太贵，他不肯承认他舍不得买，自然会把不是推到我们做生意的头上，
642,story2,这是一般顾客的通病。假如你想做成这笔生意，一定要变换一种方式，在不损伤他优越感的情形下，使他买一种比较便宜的货。”。
643,story2,店员听得心服口服。彭奈在八十岁自述中，幽默地说：“在别人认为我根本不会做生意的情形下，
644,story2,样式还不错吧？”。“多少钱？”。“五十四元。”。“照你店员刚才的说法，这不是最好的，我不要。”。“我的这位店员刚才没有说清楚，
645,story2,我的生意由每年几万元的营业额增加到十亿元这是上帝创造的奇迹吧？”。
646,story2,启示：说服顾客需要技巧，必须摸清顾客的心理，然后以诚相待。
647,story2,有感于张瑞敏的“买卖观”。海尔集团首席执行官张瑞敏对企业管理常有与众不同的观点。
648,story2,对于普通企业的营销人员来说，做生意莫过于千方百计推销产品，扩大市场占有率。
649,story2,但在张瑞敏看来，营销的本质不是“卖”，而是“买”。这一见解真可谓惊世骇俗。
650,story2,张瑞敏的观点是，“从本质上讲，营销不是卖出东西而是买。
651,story2,买进来的是用户的意见，然后根据用户意见改进，达到用户的满意，最后才能得到用户的忠诚度，
652,story2,企业才能获得成功。”。此观点别具一格，独具匠心。
653,story2,不以“卖”求“买”，也不以“卖”强“买”，更不是“一锤子买卖”，而是以“买”促“卖”。
654,story2,然而，我们许多厂商至今尚未意识到这一点，在生产经营过程中一味地注重“卖”而轻视了“买”。
655,story2,搅蛋器有好几种牌子，每种牌子都有最好的货色，我刚拿出的这一种，是同牌中最好的。”。“可是为什么比多佛牌的差这么多钱？”。“这是制造成本的关系。
656,story2,对他们来说，恨不得今天晚上生产出来的产品，第二天就能卖出去。
657,story2,这样的想法当然没有错，但总有些美中不足，因为，你的产品在市场上卖得好不好，是不是受消费者欢迎，
658,story2,最终还得要顾客说了算，从这个角度上来说，善于倾听顾客意见，要比单纯地把产品卖出去显得更为重要。
659,story2,只有既重卖又重买，才能实现双赢。遗憾的是我们有的厂商面对一些消费者反映的问题仍不太重视，
660,story2,或束之高阁，或不理不睬，久而久之使消费者对其企业和产品产生了反感，失去了信心，最终失去了市场，
661,story2,作为企业经营者，我们能否从张瑞敏的“买卖观”中受到一些启迪。
662,story2,如果我们的企业家都能参透其中深刻的辩证思维，并用行动理顺“买卖”的关系，那么企业在竞争激烈的市场上就能立于不败之地。
663,story2,制造“抢劫”风波。在美国某州公路上急驰一辆面包车。
664,story2,这个州发生了水灾，粮食紧张，面包脱销，到处缺货。汽车走到半路上，被饥饿的人们发现，
665,story2,每种品牌的机器构造不一样，所用的材料也不同，所以在价格上会有出入。
666,story2,车子被团团围住，人们抢着要买车上的面包。押货员感到十分为难，说怎么也不会把过期的面包卖给这些人。
667,story2,这时，恰巧有记者跑来，探询发生的事情。他们一听，觉得有趣，一方是急需购买面包，一方是押货员碍于公司规定，
668,story2,怎么也不卖车上过期的面包。“不是我不肯卖”，押货员说，“我们老板规定太严格，她规定不论在任何时候、
669,story2,任何情况下，也不许卖过期的面包。如果有人明知故犯，把过期面包卖给了顾客，一律开除。
670,story2,我要是把过期的面包卖给他们，我的饭碗就砸了呀！”。他的话虽然能引起人们的同情，但怎么能止得住饥饿者们往外直冒的口水？
671,story2,记者说：“先生，现在是非常时期，你就把这车面包卖了吧，总不能让这些饥饿者失望吧！”。
672,story2,押货员无奈，灵机一动，以神秘的表情，凑到记者面前说：“卖，我是说什么也不敢的，如果他们强行上车去拿，
673,story2,我就没责任了。”，“那岂不是抢劫吗？”，记者说。“他们把面包强行拿走，凭良心留下应交的几个钱，
674,story2,岂不就不是抢劫，而强买吗？”。大家恍然大悟。
675,story2,片刻，一车面包就这样被强买光了。几天后，这条消息便在报上详细披露出来了。
676,story2,至于多佛牌的价格高，有两个原因，一是它的牌子信誉好，二是它的容量大，适合做蛋糕生意用。”，
677,story2,这家面包公司的信誉陡然上升。点评：这样的“做秀”不仅不应受到指责，而且应得互赞赏。
678,story2,彭奈耐心地说。男子脸色缓和了很多：“噢，原来是这样的。”。
679,story2,彭奈又说：“其实，有很多人喜欢用这种新牌子的，就拿我来说吧，我就是用的这种牌子，性能并不怎么差。
680,story2,而且它有个最大的优点，体积小，用起来方便，一般家庭最合适。
681,story2,府上有多少人？”。五个。“那再适合不过了，我看你就拿这个回去用吧，担保不会让你失望。”，
682,story3,她在网上结识了一位男生。他幽默有内涵，她便义无反顾地爱上了他。
683,story3,男孩子的网名是：我会静静等你在人海中找到我。今天她拒绝了第一个向她表白的男孩子。
684,story3,回家路上，她看着他微驼的背影，说：“求了十几年的婚了，下一年的结婚纪念日，换个方式吧。”
685,story3,他在她的办公室对面的上一层办公。他们隔了一条街，她每天偷偷地仰视他，猜测他的喜怒哀乐，记录在微博上。
686,story3,有一天，他不在了。她的微博更新为：他走了，我在想他。
687,story3,下一秒，马上有评论：傻瓜，我搬到你对面那层去了，那样我就不用俯视你了。
688,story3,她离开人世的那个黄昏，他在病房里陪伴着她走完了生命的最后一段旅程。
689,story3,她临去前对他说：“放学了。”他听完这句话后像个孩子似的大哭起来。
690,story3,他记起他和她在中学时，他常和她说的一句话：“放学了，我们一起回家吧。”他有空就用纸叠心形折纸，
691,story3,见到他就给她。这个习惯有多久了，他自己都记不清楚了。
692,story3,有天，她电话里说：“今天有个收废纸的来，我问了价钱，然后把你送我的心形折纸都卖掉了。”顿了顿，“刚好九块钱，等下你打扮打扮，我们一起去民政局领证吧。”
693,story3,古藤摇椅上，一对花甲老人。老太太拉着老头子的手说：“老头子啊，我现在都觉得对不住你啊，
694,story3,就在她转身之际。那男孩苦笑着说：“我会静静等你在人海中找到我。”夜半酒吧里。
695,story3,那年，我的初恋男友回来找我，说他还爱我，回来带我走，我和他见了面，我还爱着他，就回家来收拾行李，
696,story3,一进门，就看见你在厨房给我熬汤，说：“这些时间你精神不好，我给你补补身子。”我冲到卧室，
697,story3,就哭了，当时就决定，不离开你了。”老头子笑嘻嘻的说：“老伴啊，这事我早就知道，
698,story3,当时，我偷你们的信件，那汤其实是我知道你要走，想着给你熬最后一次，喝完你再走，
699,story3,你不吃饭不行，你晕车厉害。”老太太老泪纵横。
700,story3,她说，“老头子，这辈子我做的一件对事，就是当年没离开你。你才是我最爱的。”
701,story3,尊重顾客意愿。一九九八年春节前夕，天津家乐福收银台前人山人海。
702,story3,临近中午，顾客开始吃店里的东西，然后很多人效仿。家乐福并未叫保安，也并未关门，而是让顾客体验家乐福的与众不同。
703,story3,重庆家乐福在当地报纸上刊登了“买一瓶百事可乐五元，赠送一瓶天府可乐两元”的广告。
704,story3,由于失误，广告显示为“买一瓶百事可乐，赠送一瓶天府可乐两元”。
705,story3,她手中端着兑了红茶的芝华士。一群年轻人拿着啤酒轻佻地走过来调戏她。
706,story3,顾客认为两瓶可乐应收两元，而收银员坚持应收五元，引起顾客的强烈不满。
707,story3,此时，家乐福尊重顾客意愿，化解了这场危机。家乐福一方面忙于补货，平衡商场供求秩序，另一方面紧急通知每人限购两瓶，
708,story3,在报纸上修正广告并向消费者致歉。点评：家乐福把“让顾客满意”作为处理危机公关的宗旨，使一场危机变成了一次公关宣传的机会。
709,story3,售楼小姐的峥嵘岁月。小何刚到一家地产公司时，业绩为零，工作完全无法展开。
710,story3,终于某天，有一位老先生嫌市区吵闹，空气不好，打算在开发区买一套房老两口住，但他在多家售楼公司中摇摆不定。
711,story3,这位老先生的老伴得了胃病，这给了小何一个突破口。她首先以追踪反馈信息的名义上门，但只和他们谈些保健知识，
712,story3,说自己做中医的父亲治疗胃病很有一套，老太太便让小何帮忙。当晚小何便打电话给父亲，让他提供一个治疗胃窦炎的偏方。
713,story3,父亲说用猪胃、通心根、白节藕、连米等炖汤喝有特效。
714,story3,第二天，小何买了中药给老太太送上门，第三天一早，又买了新鲜猪肚子送去。
715,story3,此后，每隔四天小何就送一副猪肚子去，丝毫不提房子的事情。
716,story3,他立身而起，经过一场打斗，最终他拉着她逃出了酒吧。
717,story3,到第五次上门的时候，两位老人拉着小何说：“闺女呀，今天下午我们一起签购房合同吧。”从此，
718,story3,只要是从小何手中购买商品房的客户，她都尽其所能地给予帮助。有付出就有回报，他们也十分关心小何，主动为小何提供信息，
719,story3,介绍买主，小何的销售额直线上升，居于所有同事之首。
720,story3,启示：“攻心术”也是传统营销手段之一，在使用时不妨把目光放远一点，不要忽视客户身边的其他人，如伴侣，下属、秘书及其他可能对其有影响力的成员。
721,story3,让营销重点回归到产品上。最近，在美国拉斯维加斯举行的二零零五年度全球消费电子展示会上，
722,story3,两大韩国厂商电子和三星电子大获全胜，共获得了二十九项大奖，占据美国消费电子协会颁发全部奖项的近百分之十。
723,story3,这似乎只是一条简单的企业新闻而已，但事实远不止这么简单。
724,story3,先介绍一下的背景，它是全球最大的消费电子技术年展，是电子产业的风向标。
725,story3,在这个展会上获奖的产品，无疑更有资格走高端路线。据说，在此次展会上，三星和都推出了一个新品，更多具备了将游戏、
726,story3,视频、音频与电脑兼容的功能。这无疑符合未来数字化家庭的需求。
727,story3,在后巷里，他问她：“你记得我吗?“她笑笑，摇了摇头。
728,story3,此前苹果公司推出了一款镶满钻石的黑色产品，只不过三星的产品因为更好玩儿、更时尚而被更多的人所推崇。
729,story3,在此之前，中国的企业和咨询机构一直在研究韩国企业，认为他们的胜出之道是卓越的营销战略和战术、产品时尚，
730,story3,甚至是搭载奥运的原因。但事实真的没这么简单，当我们不断研究三星等企业的显性基因时，却忽略了这些显性基因背后的支撑点，
731,story3,如核心技术、未来趋势的掌握。这些才是三星等企业的核心竞争优势。
732,story3,点评：前面做了如此多的铺垫，其实只是为了说明一个道理：在未来的市场竞争中，技术上的领先将成为企业的夺宝奇兵。
733,story3,而中国的许多企业现在把更多的精力放在终端、广告、公关上，对构成产品的各种元素倒不太重视。
734,story3,严格说来这没有什么不对，只是这无法长期保持差异化的竞争优势，无法摘到高处又好又大的桃子。
735,story3,也许，现在该考虑如何让营销重点重新回归到产品上了。
736,story3,他回她苦笑，然后帮她拦了出租车，说出她家的地址。自己转身回酒吧。
737,story3,酒吧老板接过钱，问他：“陪她做以前的事，真的有效吗？我的伙计可都挨了你三次揍了。”
738,story3,雪夜，他单膝跪地，右手捧着她最爱的红玫瑰，左手拿着一个戒指盒。
739,story3,她一脸幸福，说：“别闹了，这么多人。”他笑着说：“那你答应我不？”她点点头，周围人雷动。
740,story3,十八年前美国派克钢笔突发奇想决定要谦虚一把，从贵族豪门走出来，一头扎进平民窝里想尝尝寒酸的滋味。
741,story3,贵族沙龙里少了派克，平民的寒舍里却没有给派克腾出板凳。
742,story3,电影《百万英镑》让一个流浪汉委实富裕了一回，好日子过得真是乐死人。
743,story3,派克让自己穷了一回，结果年报表上一片赤字，差点破产。
744,story3,它还算聪明，危机刚一露头，就惊叫一声，从平民窝里裸奔而出，一溜烟地钻进富人的怀里，千认错万数落，把自己骂得里外不是人，
745,story3,最后获得了贵族的一致谅解，同意派克归队。派克的失败并无险恶用心，只是在油水里泡腻了，想吃点粗茶淡饭而已，
746,story3,像一个离家出走的小少爷，一番颠沛流离之后，空着肚子脏着脸，脑袋勾成九十度，灰溜溜地摸进家门来。
747,story3,点评：产品的市场定位是非常关键的，“旧时王榭堂前燕，飞入寻常百姓家”局面的发生在营销当中必须要慎之又慎。
748,story3,垄断后的冷清。有一家公司，拥有半条街巷的门面房。
749,story3,这条街巷附近是个很大的居民区。公司由于十几年来业务不景气只好撤了门店，空房对外招租。
750,story3,有一对夫妇，率先在这里租房，办起了一间风味小吃店，生意竟格外的好。
751,story3,于是卖麻辣烫的、卖豆腐汁的、卖涮羊肉的、卖陕西羊肉泡馍的全聚集到了这条街上来，这条街上人声鼎沸，
752,story3,它像个走丢的王子开始反省：我算哪根葱？派克钢笔在美国乃至世界上大名鼎鼎，
753,story3,很快成了远近有名的小吃一条街。见租房的人生意这么火。
754,story3,对外租房的公司再也坐不住了。公司收回了对外招租的全部门面，撵走了所有在这里经营各种风味小吃的人，摇身一变，
755,story3,自己经营起小吃生意来。但没料到仅仅一个多月，这条街巷又冷清起来，公司的效益也出奇地差。
756,story3,公司经理百思不得其解。去询问一个德高望重的市场研究专家。
757,story3,专家听了，微笑着问他：“如果你要吃饭，是到一条只有一家餐馆的街上去，还是要到一条有几十家餐馆的街上去？”经理说：“当然是哪里餐馆多，
758,story3,选择余地大，我就会到哪里去。”专家听了，微微一笑说，“那么你的公司垄断了那条街巷的小吃生意，这同一条街上只有一家餐馆有什么不同呢？”经理幡然醒悟，
759,story3,回去后，迅速缩减了自己公司的生意门面，又将门面对外招租，这条街巷的生意顿时又恢复了往昔的红火。
760,story3,启示：靠大市场才能赚钱，远离了大市场，就等于远离了赚到钱的可能性。这是每一个成熟的商人都最明白不过的经营之道。
761,story3,得意的猴孙。从前，有一个卖草帽的人，每一天都叫卖得十分疲累。
762,story3,一天他刚好路过一棵大树，就把草帽放下，坐在树下打起盹来。
763,story3,像瑞士的劳力士手表，集高贵典雅精美贵重于一身，平民不敢问津。
764,story3,等他醒来的时候，发现身旁的草帽全都不见了。抬头一看，树上有很多只猴子，每只猴子的头上都有一顶草帽。
765,story3,他想到，猴子喜欢模仿人的动作，于是他赶紧把自己头上的草帽拿了下来，丢在地上，猴子也学着他，将草帽纷纷扔在地上。
766,story3,卖草帽的高高兴兴地捡起草帽，回家去了。回家后，他将这件奇特的事告诉了自己的儿子和孙子。
767,story3,很多很多年以后，孙子继承了家业。有一天，在他卖草帽的时候也跟爷爷一样，在大树下睡着了。
768,story3,而草帽也同样被猴子拿走了。孙子想到爷爷的方法，脱下草帽，丢在地上，可奇怪的是，猴子们竟然没有跟着他做，
769,story3,还直瞪着他看个不停。一会儿，猴王出现了。猴王抓起地上的草帽，说：“开什么玩笑！
770,story3,你以为就你有爷爷吗？”启示：资讯爆炸、瞬息万变的现时代，过去成功的经验，往往就是导致现在失败的最大累赘。
771,story3,人人都在与时俱进，问题在于，如何前进得比别人更快一些。
772,story3,一元钱存款。二次世界大战后，日本的财阀、财团都被迫解体或改名，连有着悠久历史和良好信誉的三菱银行，
773,story3,也不得不改名为千代田银行。由于名字非常陌生，生意也就非常冷清。
774,story3,它是财富的象征，它是帝王、总统和有钱人互赠的礼品。它的价值不仅表现在体面和耐用上，同时也是收藏的珍品。
775,story3,业务部的岛田晋为此苦闷不堪，每天都在想着如何吸引顾客来存款。
776,story3,终于有一天，他想出了“一块钱存款”的妙招。战后的日本，一块钱实在是太少了。
777,story3,在根本没有什么人来存款的情况下，千代田对往来的顾客发出了这样的宣传海报：“用手掬一捧水，水会从手指间流走。
778,story3,很想存一些钱，但是在目前这种糊口都难的日子里是做梦也不敢想的。
779,story3,先生们、女士们，如果你们有这种想法的话，那么请您持一本存款簿吧。
780,story3,它就像是一个水桶，有了它，从手指间流走的零钱就会一滴一滴、一点一点地存起来，您就会在不知不觉中有一笔可观的大钱了。
781,story3,我们千代田银行是一块钱也可以存的。有了一本千代田存款簿，您的胸膛就会因充满希望而满足，您的心就能在天空中飘然翱翔。”海报一贴出，
782,story3,就造成了极大的影响，原本因为钱少并没有想过要存款的人们都来存款了，银行也因此渡过了艰难的战后初期。
783,story3,这以后，“一块钱存款”风行全世界。启示：在不同的时代背景下，人们会有不同的心理，要善于随机应变，才能占有市场。
784,story3,猫咪草窝变宝库。三十七岁的彼得·加姆皮斯伯格指着他那优雅的、有一世纪历史的多伦多维多利亚住宅，
785,story3,但十八年前的一天，它摇身一变，革了一回自己的命，自贬身价，投怀送抱于寻常百姓家。
786,story3,轻巧地解答了关于他从他那“污物筛滤箱”中赚取了多少钞票的问题，他说：“这就是用猫垃圾买来的屋子。”事实上，
787,story3,加姆皮斯伯格的发明它使猫主人能够不必掏挖就把猫遗下的东西从它们的稻草窝中筛出来已经于短短两年的时间里在美国卖出了将近两百万套，
788,story3,每套十九点九五美元。这不仅使他致富，而且还为他赢得了一九九六年的加拿大发明者奖项。
789,story3,一九九四年，德国发明家的孙子彼得·加姆皮斯伯格边清扫宠物猫布拉吉的窝时边想：“我一定会有种更好的办法，
790,story3,使我免受肮脏之苦。”他立即做出了一款铅制的猫窝过滤器模型，去申请了一项专利，并来到一位朋友的美发沙龙向那些富庶的潜在投资者们推销他的发明。
791,story3,果然，加拿大谈话节目主持人迪妮·佩蒂自告奋勇筹了十万美元，而加姆皮斯伯格就此走上了致富之路。“靠为我的猫造一只宝座，”他笑道，“我现在生活得像个国王。”启示：你在想什么，
792,story3,你的潜在顾客就有可能在想什么，因为生活对你们而言，并无太大差别。
793,story3,从此，有身份的人开始对它冷眼相待，再也不肯用高贵的手触摸它。
794,story3,而平民对它也并不钟爱，就好像粗人选老婆，要的是中用结实能下地劳作；猛地来了一位公主，反而不知从何下手，如“焦大不爱林妹妹”，于是派克钢笔被冷落了。
795,story3,派克钢笔想过一把平民的瘾，在销量上创造奇迹，结果差点送命。
796,story3,如果是想过把瘾就死，倒也罢了，问题是它不想死。那么就是找死了。
797,story3,百事网上卖“星”。从来都不懈用明星造势的百事可乐这次把“星”搬到了互联网上进行拍卖。
798,story3,十二月二十四日百事家族在香港举办了二零零四年突破渴望系列公益活动，与此同时，把周杰伦、蔡依林、
799,story3,近百年来，总有一些化学家费尽心机试图破译可口可乐的配方，却又总是徒劳无获。
800,story3,不久前，又有两位德国的科学家宣布，他们经过长期研究分析，解开了可口可乐配方的秘密。
801,story3,这两位专家还在一本名叫《大众饮食误解词典》的新书里列出了可口可乐配方的原料，称可口可乐中百分之九十九点五的成分不过是含有二氧化碳和蔗糖的汽水。
802,story3,而其中起关键因素的物质是一种香料混合剂。它虽然只有极小的含量，却能产生可口可乐所具有的独特味道。
803,story3,这种香料的成分包括野豌豆、生姜、含羞草、桔树叶、不包含可卡因的吉柯叶、桂树和香子兰皮等，
804,story3,再加上可可、咖啡等的提炼物，进而构成了一种混合剂。不过，这两位专家在书里并没有交代将这些原料配制在一起的方法。
805,story3,对此，可口可乐公司的发言人巴里斯予以否认，并称之为纯属胡编乱造。
806,story3,巴里斯说，“想要揭开配方秘密的人不少，但没有人成功。可口可乐的配方依然十分安全地锁在公司的保险柜里。”专家们都知道可口可乐的绝大部分是水，
807,story3,而最关键的配料可能还不到总量的百分之一。但近一个世纪来，人们却无法破解这百分之一的核心物质。
808,story3,正是靠着这百分之一，可口可乐才能够一直保持着自己的独特口味。
809,story3,郑秀文、古天乐等十位当今最具人气、最具个性的百事明星的时尚酷装放在了在线交易网站易趣上，进行为期两周的慈善拍卖。
810,story3,一九八四年，可口可乐曾计划修改配方，推出一种新型可乐饮料，并为此投入了大笔资金做广告宣传。
811,story3,但是，后来又放弃了，仍然继续采用老配方生产。关于可口可乐配方被破解的消息，公司不以为然，说这已经是第六次大规模的新闻炒作了。
812,story3,另外，即便是破译了配方，就能生产出真正的可口可乐？可口可乐这项产品如今早已不是一种简单的产品，
813,story3,在这项产品中所包含的文化内涵也很重要。可口可乐早已成为充满青春活力的美国文化的代名词，
814,story3,谁宣称他能生产出同可口可乐一样的产品，人们也不会相信。目前，美国人每年人均喝可口可乐四百杯，
815,story3,香港人每年每人消费可口可乐一百七十杯，中国内地每人的年消量为七杯，占中国碳酸饮料市场份额的百分之三十到四十，
816,story3,中国市场为可口可乐全球第六大市场，百事可乐在中国的市场份额不到可口可乐的一半。
817,story3,可口可乐无疑是世界头号饮料巨头。点评：可口可乐为何处变不惊？
818,story3,剃须刀的自我进攻。目前，吉列公司拥有剃须刀市场百分之六十五的份额。
819,story3,酷装包括一百零九套百事明星的演出及广告服装和四十九件百事明星的私人物品，十款百事珍藏版纪念品，
820,story3,上世纪六十年代初，吉列公司的竞争对手威尔金森刀具公司推出了不锈钢刀片，抢占了市场。
821,story3,吉列公司大为震惊，一九七零年，威尔金森又推出了粘合刀片，这是一种以“最佳剃须角度”粘合在塑料上的金属刀片，
822,story3,再次对吉列公司造成了威胁。对此，吉列公司做出了令人意料不到的反攻。
823,story3,首先，吉列公司推出了“特拉克”二型剃须刀，这是世界上第一个双刃剃须刀。
824,story3,这一型号的成功奠定了吉列公司以后的战略方针，正如吉列公司广告中所说：“双刃总比单刃好。”老顾客们很快就开始购买它的新产品，
825,story3,并认为“比单片的超级蓝吉列好用。”六年后，吉列又推出了“阿特华”剃须刀，这是第一个可调节的双刃剃须刀。
826,story3,这表示，新产品比无法调节的双刃剃须刀“特拉克”二型还要好。
827,story3,之后，吉列又毫不犹豫地推出了“好消息”剃须刀，这是一种廉价的一次性双刃剃须刀。
828,story3,这一举措对另一竞争对手比克公司来说是一次打击，因为它也正想推出自己的一次性剃须刀。“好消息”这种一次性剃须刀的生产费用高，
829,story3,而销售量却不如可更换刀片的剃须刀大，这让吉列的股东们十分恼火。
830,story3,部分是一元起拍，其余拍品无底价拍卖。百事方面认为，慈善拍卖赶上了圣诞与新年两个节日，年轻人往往会给朋友或自己送礼物，
831,story3,从营销战略上讲，“好消息”的推出却是非常成功的，它防止了比克公司夺走一次性刀片市场。
832,story3,行业资料显示，头三年，比克公司在一次性刀片市场中损失了两千五百万美元。
833,story3,最近，善于自我挑战的吉列又推出了“皮沃特”剃须刀，这是一个一次性调节剃须刀，而公司自己的产品“好消息”则成了攻击目标。
834,story3,吉列逐渐扩大了它在剃须刀市场上的份额，已经成为男士们买剃须刀时的首选。
835,story3,启示：进攻，是最好的防御，不管是进攻别人，还是进攻自己。
836,story3,进攻自我可能会牺牲眼前的利益，但是有一个最大的好处就是保卫市场占有率，这才是打赢营销战的最终武器。
837,story3,只有一次机会。某人从日本回来，想投资开一个日式料理店，让朋友帮他选择地点。
838,story3,他们跑遍了整个城市，看了无数的房子，最后他从中挑选出十个，列为准店，把它们在位置、环境、布局等方面的优劣列成清单，
839,story3,反复比较，从中优选出三个，然后把这三个店的位置、环境、布局及服务内容等方面列成一个更为详细的调查表，
840,story3,委托一家信息咨询公司做市场调查，根据调查回馈，最后确定其中一个，接下来开始装修。
841,story3,而这些明星的私人物品是一些年轻人喜欢的东西，在时尚人士聚集的易趣上拍卖自然会备受关注的。
842,story3,请来装修公司，详细地讲述他的意图，他说得太详细了，不仅店内所有的空间包括门厅、厨房、卫生间里的每一个角落都不放过，
843,story3,而且，店外远至百米的路段也做了精心布置，简直精细到极点，甚至显得有些婆婆妈妈。
844,story3,店终于按照他的要求装修好了，进到里面，给人的第一感觉是舒服，第二感觉还是舒服，你能想到的他全想到了。
845,story3,可他还不放心。让朋友帮他挑毛病，看看还有什么没想到的地方。从选店址到装修，不仅多跑了许多路，多花了许多钱，
846,story3,更重要的是，花了许多时间，如果换成别人，现在早营业赚钱了，可他还在这儿挑毛病。
847,story3,朋友说：“挺好的，赶快开业吧，早开一天早收入一天。”
848,story3,点评：百事抓住了天时、地利，但能否获得人和，还得看消费者的反应。
849,story3,在明星多得眼花缭乱的今天，拿一些明星私人物品拍卖也许有点穷酸。
850,story3,不过，百事把“星”“卖”到互联网上的做法值得肯定，物品未必要卖出去，但在网民面前，打出了慈善的旗号，先赚了名声。
851,story3,可口可乐为何处变不惊。可口可乐的成功让许多竞争者羡慕和忌妒。
852,story3,他看着朋友说：“正式开业还要等一个星期，从明天开始，我请你带朋友来吃饭，全部免费，但有一条，每吃一次，至少要提一条意见”
853,story3,“为什么？”朋友大为不解。“因为在日本，不能让客人等候超过五分钟，不能让他有任何不满意的地方，现在开业，
854,story3,这个在别人看来没什么了不起的料理店，在他看来，仅次于他的生命，因为他深深知道，这既是他的第一个店，也是他最后一个店，
855,story3,成败只此一次，没有再一，更无再二。启示：要留住顾客，最要紧的是步步为营，
856,story3,抓住每个细节仔细推敲，与顾客进行换位思考，因为你所需要的，就是顾客所需要的。
857,story3,怪异的广告。美国纽约国际银行在刚开张之时，为了迅速打开知名度，便想出了一个出奇制胜的广告策略。
858,story3,一天晚上，全纽约的广播电台正在播放节目，突然间，全市所有广播都在同一时刻向听众播放一则通告：听众朋友，从现在开始播放的是由本市国际银行向您提供的沉默时间。
859,story3,紧接着整个纽约市的电台就同时中断了十秒钟，不播放任何节目。
860,story3,一时间，纽约市民对这个莫名其妙的十秒钟沉默时间议论纷纷，于是“沉默时间”成了全纽约市民茶余饭后最热门的话题，
861,story3,国际银行的知名度迅速提高，很快家喻户晓。国际银行的广告策略巧妙之处在于，它一反一般的广告手法，
862,story3,没有在广告中播放任何信息，而以整个纽约市电台在同一时刻的十秒钟“沉默”引起市民好奇心理，从而不自觉地去探究根底，
863,story3,使国际银行的名字“不告而人人皆知”，达到了出奇制胜的效果。
864,story3,我没有把握，所以我付费请咨询公司替我找最挑剔的顾客来，如果你方便也请你来，多挑毛病，拜托了！”
865,story3,启示：敢为天下先。要知道，对营销来讲，重要的是效应，至于这种效应是正效应还是负效应，另当别论，关键是要吸引眼球。
866,story3,王永庆卖米的故事。工作后看过不少企业家的成长故事，但记忆最深刻的，还是台塑创始人王永庆卖米的故事。
867,story3,王永庆十五岁小学毕业后，到一家小米店做学徒。第二年，他用父亲借来的两百元钱做本金自己开了一家小米店。
868,story3,为了和隔壁那家日本米店竞争，王永庆颇费了一番心思。当时大米加工技术比较落后，出售的大米里参杂着米糠、
869,story3,沙粒、小石头等，买卖双方都是见怪不怪。王永庆则多了一个心眼，每次卖米前都把米中的杂物拣干净，
870,story3,这一额外的服务深受顾客欢迎。王永庆卖米多是送米上门，他在一个本子上详细记录了顾客家有多少人、
871,story3,一个月吃多少米、何时发薪等。算算顾客的米该吃完了，就送米上门；等到顾客发薪的日子，再上门收取米款。
872,story3,他给顾客送米时，并非送到就算。他先帮人家将米倒进米缸里。
873,story3,如果米缸里还有米，他就将旧米倒出来，将米缸刷干净，然后将新米倒进去，将旧米放在上层。
874,story3,这样，米就不至于因陈放过久而变质。他这个小小的举动令不少顾客深受感动，铁了心专买他的米。
875,story3,“你也太认真了，这是在中国，不用这样。要我说，先开业，发现问题再说，改也来得及。”
876,story3,就这样，他的生意越来越好。从这家小米店起步，王永庆最终成为今日台湾工业界的“龙头老大”。
877,story3,后来，他谈到开米店的经历时，不无感慨地说：“虽然当时谈不上什么管理知识，但是为了服务客户做好生意，
878,story3,就认为有必要掌握顾客需要，没有想到，由此追求实际需要的一点小小构想，竟能作为起步的基础，逐渐扩充演变成为事业管理的逻辑。”这个故事给了我很深的启发甚至是感动。
879,story3,同样是卖米，为什么王永庆能将生意做到这种境界，关键在于他用了心。
880,story3,用心去研究顾客，研究顾客的心理，研究顾客的需要，研究如何去满足顾客的需要。
881,story3,不单纯卖给顾客简单的产品，而是将顾客的需求变成自己的服务项目，与产品一同给予顾客。
882,story3,由此我们更可以看出服务的价值。顾客从其他米店也可以买到米，但从王永庆的米店里买米，会感觉自己的所得是超于产品价值的，
883,story3,这超出的价值便是服务。令人感动的服务决不仅仅是微笑能涵盖的，它融合在每一个工作的细节里。
884,story3,如果去衡量的话，衡量的标准便是：你是否在与顾客交往的每一个环节上都细心地为顾客的方便与顾客的利益着想了？
885,story3,我们应该明白的是：在如今技术高度发展、产品趋同的形势中，一个企业如果想存活并发展，就一定要有超越产品的让顾客愿意为之捧场的理由。
886,story3,“不，我不能拿顾客做试验，在日本，我做过调查，开业最初十天进店的顾客，基本上就是你店里长期的顾客，如果你在这十天里留不住顾客，你就得关门。”
887,story3,只有乐于把方便给予他人，把利益给予他人，把温暖给予他人，把服务给予他人，才能塑造出企业独特的魅力，赢得顾客的心。
888,story3,稻草人的告白。某地一群农民，种植了一大片西瓜。
889,story3,为了提高西瓜的质量，他们在引种、管理方面投入了大量人力物力。
890,story3,因此，西瓜的成本加大，价格也就偏高，从而出现了销路不畅的问题。
891,story3,为了解决这项难题，经一广告公司的策划，他们在靠近西瓜地的国道旁竖起了一个巨大的稻草人，旁边立一个广告牌，
892,story3,上书：稻草人真真向您汇报。这儿的瓜农太辛苦啦，他们白天晚上干，为的是西瓜的收获。
893,story3,来这儿的农业专家也不少，他们对瓜农们取得的成绩纷纷点头，并竖起了大拇指。
894,story3,为什么会赞许呢？因为这儿的西瓜特别甜，并且不含有毒成分。
895,story3,唯一的一项缺点是，这儿的西瓜价格偏高。不过，您在品尝之后，会忘记这项缺点。
896,story3,不信，你试试看。忠实的稻草人：真真。结果，这群农民的西瓜卖得热火朝天。
897,story3,“为什么？一个新开的店，有点不足是难免的，客人也会谅解的，下次改正就行了。”
898,story3,启示：这种营销中的拟人手法，让你的商品自己对客户说话有时比你自己的千言万语更有效。
899,story3,“不，在日本，没有下次，只给你一次机会。我刚到日本和日本人初次交往时，觉得他们很傻，你说什么他都信，
900,story3,你如果想骗他们其实很容易，但是他只给你骗一次，以后他永远都不会和你来往。
901,story3,在日本，只要是你本人的原因犯错，你就得走，你不必申辩，对不起，这次我错了，给我机会，我保证下次改正。
902,story3,没有下次，只给你一次机会。”朋友看着他，突然明白了为什么这些天来，他如此认真，如此精细。
903,story3,歌剧台词里的肥皂广告。美国纽约有家叫费什的肥皂厂，产品一直滞销，连做广告的资金都没有了。
904,story3,老板费什先生苦思冥想，终于想出了一个绝招。他通过朋友认识了当地的一位歌剧演员，她将参加在莎士比亚剧本《麦克白》
905,story3,大衣售出后，营业员发现自己的失误，他想方设法，居然找到了购买大衣的顾客，并要追回大衣或补回货款，
906,story3,但遭到顾客拒绝。据说，该营业员已经向律师提出咨询，并且得到律师的支持。
907,story3,看来，这次失误，很可能会演变成一场小小的官司了。打官司嘛，难免就要撕破脸皮，不论输赢，
908,story3,那位顾客他的亲友们以及他的同事们对那家商场就要心存疑虑了。
909,story3,无独有偶，类似的事情在美国也发生过。一位在美国深造的女士去乐器店挑选钢琴，最终选中了一架她认为物美价廉的。
910,story3,她将营业员叫到身边，将自己的选择告诉了他。营业员一看钢琴上的售价标签愣住了，他向这位中国女士道歉，
911,story3,请她稍等，他要去向经理请示一下。一会儿，经理从店堂后快步走出来，老远便向这位女士伸出手，笑着说，
912,story3,祝贺您！您花最少的钱买了一架最好的钢琴！原来也是出于疏忽，售价标签上少标了一个“零”，但店主与顾客的交易就这样轻松地完成了。
913,story3,从一个小小的场面管中窥豹，也可以看出一些西方商人的气度。
914,story3,在雅典，两个中国人走进一家专门经营旅游纪念品的商店。商店营业面积不小，但商品的陈列非常粗放，
915,story3,的演出，饰演女主角麦克白夫人。费什先生用金钱为诱饵，与她暗中达成了一笔交易。《麦克白》
916,story3,店里没有一只玻璃货柜，铜雕银器、彩瓶挂盘、仿古大理石雕像被随意地摆在一张张木台子上。
917,story3,那里的商店经常都是冷冷清清的，不像中国的商店，总是摩肩接踵，拥挤不堪。
918,story3,可就是这么巧，两位妇女在就要走出店门时，其中的一个大概仍然留恋某件商品吧，转身要再看一眼就在她转身之际，
919,story3,她腰间的挎包将门口木台子上的一个五彩瓷瓶刮到了地上，当然摔了个粉碎。
920,story3,若在中国商店里出现这个场面，毫无疑问，店主要坚持索赔，顾客据理力争，指责店主商品摆得不是地方。
921,story3,但这次不是。正当那位妇女有些不知所措的时候，店主已经走到她面前，说：“对不起，没吓着您吧。”妇女连声道歉，
922,story3,问他：“要我赔吗？”店主说：“您告诉了我，应该把东西摆在恰当的地方。
923,story3,请吧，欢迎您再来！”最后的结局是这样的：那位妇女买走了一个古希腊的铜像。
924,story3,她的朋友大概也觉得这位店主可以信赖，买走了两个彩色挂盘。
925,story3,启示：中国商人和西方商人一样，都要赚钱。然而，君子爱财，取之有道。
926,story3,上演了，剧院座无虚席，这部歌剧确实很精彩。
927,story3,这“道”中，良好的信誉是至关重要的，中国目前的这一代商人，很多还没有接受两千多年前我们老祖宗便行之有效的这个诀窍，
928,story3,他们还做着一夜暴富的美梦，根本没有建立良好信誉的耐心和教养。
929,story3,只知道快刀宰人，六亲不认。应该让他们渐渐上“道”。
930,story3,三家宾馆。有两家宾馆，一家在火车站广场南，一家在火车站广场北。
931,story3,它们都在站口设有接待处，南面的一家打出的标语是：“宾至如归”；北面的一家挂住的条幅是：“旅客之家”。
932,story3,两家宾馆竞争了十年，也没有分出个高低强弱来。后来，一家新的宾馆在火车站广场西面拔地而起。
933,story3,开业第一天，挂出巨型横幅：“吃饭免费”。这一横幅顿时使南北两家宾馆客源大减。
934,story3,为了摆脱被动局面，它们开始研究对策，最后一致决定联合状告新宾馆。
935,story3,因为这是地地道道的不正当竞争。经过两个月的激烈辩论，南北两家宾馆胜诉。
936,story3,就在它们举杯相庆时，一幅新的标语从西面宾馆的大楼上飘了下来，上面印着一排大字：“躺在床上听到火车声，
937,story3,观众聚精会神地看着台上的表演，当麦克白夫人演到梦游时幻觉擦拭假想的血迹时，她居然改了台词，
938,story3,免费住宿！”两家宾馆深感问题的严重性。火车站周围的宾馆最大弱点就是噪音，十几年来，
939,story3,两家宾馆对此讳莫如深。现在这家宾馆打出宁静这张牌，等于揭开了它们的伤疤，点到了它们的死穴。
940,story3,南北两家宾馆重新聚首，共商对策，最后达成协议，联合用低价与西面抗锋，于是“十元住宿”的横幅挂在了两家宾馆的门口。
941,story3,不过，你现在要找到这两家“十元住宿”的宾馆已经不可能了，因为北面的宾馆已经改成游戏厅、录像厅和大排档，
942,story3,南面的一家变成了超市。只有西面的宾馆还存在着，并且依旧在楼上挂着印有免费内容的条幅：进入大厅一分钟无人接待，
943,story3,住宿免费；早晨在后山上听不到鸟叫声，住宿免费；卧具上发现头发，住宿免费；在餐厅，你点的低价菜没有了，
944,story3,只得吃高价菜，住宿免费。启示：势均力敌的竞争中，一定要找出对手的“死穴”才能胜出对方；仅仅玩弄价格战，结果只能是两败俱伤。
945,story3,说道：“啊！假如我现在手里有一块费什公司生产的肥皂，我就能很快的洗净这块血迹，
946,story3,摆脱痛苦了。”导演闻言大惊失色啊，全神贯注的观众们也反应过来，整个剧院呈现出喜剧气氛。
947,story3,第二天，剧院发生的事情在纽约传开了，费什先生的肥皂四处扬名，不久，肥皂就供不应求了。
948,story3,启示：营销是一门需要想像力的艺术，它甚至可以做得很出格，但只要能被大众认可，那就算是成功。
949,story3,差距。报载，中国某城市一家大型商场，因营业员疏忽，将一件一千七百二十七元的大衣误标成了七百二十七元。
950,story3,老农夫和服务小姐。在一个炎热的午后，有位穿着汗衫，满身汗味的老农夫，伸手推开厚重的汽车展示中心玻璃门。
951,story3,他一进入，迎面立刻走来一位笑容可掬的柜台小姐，很客气地询问老农夫：“大爷，我能为您做什么吗？”老农夫有点腼腆地说：“不用，
952,story3,您一下订这么多车，我们经理不在，我必须找他回来和您谈，同时也要安排您先试车。”老农夫这时语气平缓地说：“小姐，
953,story3,你不用找你们经理了，我本来是种田的，由于和人投资了货运生意，需要买一批货车，但我对车子外行，
954,story3,买车简单，最担心的是车子的售后服务及维修，因此我独生子教我用这个笨方法来试探每一家汽车公司。
955,story3,这几天哪我走了好几家，每当我穿着同样的旧汗衫，进到汽车销售厂里，同时表明我没有钱买车时，
956,story3,常常会受到冷落，让我有点难过啊而只有你们公司，只有你们公司知道我不是你们的客户，
957,story3,还那么热心地接待我，为我服务，对于一个不是你们客户的人尚且如此，更何况是成为你们的客户呢。”启示：顾客购买的除了商品，
958,story3,还有优质的服务，如果缺少了后者，再好的商品也抓不住市场。好奇是人类的天性。
959,story3,日本有家商店，本来生意清淡。后来老板娘根据孩子好奇心的特点，在商场顶层设了一个小动物园，兼营金鱼、
960,story3,热带鱼、乌龟等小动物，并且布置了引人注目的广告。受好奇心的驱使，孩子们纷纷要求家长带着他们去这家商店看小动物，
961,story3,家长便常常带着孩子光顾这家商店，同时顺便购买一些物品，结果这家商店顾客盈门生意十分兴隆。
962,story3,只是外面天气热，我刚好路过这里，想进来吹吹冷气，马上就走了。”小姐听完后亲切地说：“就是啊，今天实在很热，
963,story3,美国有家食品公司，生产的水果罐头曾一度无人问津。为摆脱困境，老板遂思得一巧计在罐头上印上谜语，
964,story3,并注明打开罐头吃完东西，谜底就在罐底。这一奇招数竟然使得消费者争相购买其水果罐头，产品顿时从滞销变为畅销，打开了市场。
965,story3,日本三越百货商店开张时，生怕不能引起人们的注意，于是他们特意雇了二十名美女，让她们穿艳光四射的古代和服，
966,story3,头发也梳成了古代妇女的发型，脸上敷着胭脂，打扮得花枝招展，成群结队地在街上走，人们看了觉得非常稀奇，
967,story3,围观的人越聚越多。此时，她们就走进三越百货店里，一会儿就见不到影子了。
968,story3,随观的人们涌进店里后，看到店里的商品琳琅满目，非常惊奇，纷纷停下购买，因而开张的第一天，三越店就赚了大钱，
969,story3,并给人们留下了深刻的印象，从此生意一直红火。启示：好奇是人类的天性，巧妙地利用消费者的好奇心，
970,story3,用新颖独到的服务满足消费者的喜好，也会给商业经营者带来滚滚财源。
971,story3,老鞋匠的智慧。一次，一个老鞋匠正在和几个老人闲聊，走过来一名穿戴入时的妇女，送来一只皮鞋问老鞋匠：“师傅，
972,story3,你看这鞋能修吗？”老鞋匠看了一眼说：“您看我有活正忙着呢，您如果着急，里边还有几个修鞋的。”妇女的确不愿意等，
973,story3,气象局说有三十二摄氏度呢，您一定热坏了，让我帮您倒杯水吧。”接着便请老农夫坐在柔软豪华的沙发上休息。”可是，
974,story3,就朝里走去了。有人便不解地问老鞋匠：“为什么有活来了，你却给支走了呢？”老鞋匠笑着说：“你看那只鞋做工精细、
975,story3,皮质又好，少说得上千元，如果修不好，弄坏了咱可赔不起。
976,story3,不是我夸口啊，我不敢接的话，别人也绝对不敢接，最后啊，她一准儿回来。”果然，那妇女不大会儿工夫就又回来了。
977,story3,老鞋匠把鞋拿到手里左瞧右看：“您这鞋得认真仔细地修，很费时间的，您明天来取吧。”妇女虽然不太情愿，
978,story3,但也只好应允。等她走后，老鞋匠三下五除二，一会儿就把鞋给修好了。
979,story3,又有人问：“哎，你修得这么快，为什么非让人家明天来取？”老鞋匠笑了：“看着你把鞋修好，
980,story3,顶多收三五块钱，等到明天，那么贵的鞋至少收十元。”第二天，妇女取鞋时，
981,story3,看见鞋修得很好，高兴地给了二十元走了。启示：老鞋匠懂得欲擒故纵，又吊顾客胃口，
982,story3,的确是摸透了顾客的心理，因此“三五块钱”也轻易地变成了“二十块”。
983,story3,一枚邮票。一八八零年，一家法国公司承包修建一条通过巴拿马的运河。
984,story3,我们种田人衣服不太干净，怕会弄脏你们的沙发啊。”小姐边倒水边笑着说：“有什么关系，沙发就是给客人坐的，
985,story3,起初，他们信心十足，但是在挖掘过程中遇到了许多意想不到的困难。
986,story3,最后不得不忍痛暂时放弃了这一工程。随着国际贸易的日益扩大，美国也急着想修建一条横穿美洲大陆的运河，
987,story3,但初选地不是在巴拿马，而是在尼加拉瓜。关于运河路线的问题，国会几经争论，到一九零二年春，议员们才下了决心，
988,story3,准备批准在尼加拉瓜施工。布诺瓦列拉是一位年轻的工程师。
989,story3,他深知，如果不借此良机继续修建巴拿马运河，无疑将造成一项巨大的损失。
990,story3,他决心单枪匹马改变国会议员们的意见。他清楚地记得：就在几年前，尼加拉瓜曾发行过一枚印有莫莫通博火山的邮票。
991,story3,莫莫通博是尼加拉瓜一座著名火山，正巧坐落在拟议中的运河航道附近。
992,story3,据说这是座死火山，但为了美化邮票，在火山上画出了一缕缭绕的烟环，形同活火山一样。
993,story3,于是布诺瓦列拉跑遍了华盛顿，千方百计找到了九十枚这样的邮票。
994,story3,第二天早晨，在每一位国会议员的桌上都出现了一枚邮票和布诺瓦列拉的附言：“尼加拉瓜火山活动的官方见证。”布诺瓦列拉的举动对具有商业头脑的美国国会议员们的震动很大，
995,story3,否则，公司买它来干什么？”喝完冰凉的茶水，老农夫闲着没事便走向展示中心内的新货车东瞧瞧，西看看。
996,story3,他们改变了主意，决定继续修建穿过巴拿马的运河。启示：一个小小的举动可以胜过千言万语，关键看你怎么找突破口，怎么运用它。
997,story3,这时，那位柜台小姐又走了过来：“大爷，这款车很有力哦，要不要我帮你介绍一下？”“不要！
998,story3,不要！”老农夫连忙说，“啊，你不要误会了，我可没有钱买啊，种田人也用不到这种车。”“不买没关系，以后有机会您还是可以帮我们介绍啊。”然后小姐便详细耐心地将货车的性能逐一解说给老农夫听。
999,story3,听完后，老农夫突然从口袋中拿出一张皱巴巴的白纸，交给这位柜台小姐，并说：“啊这些是我要订的车型和数量，
1000,story3,请你帮我处理一下。”小姐有点诧异地接过来一看，这位老农夫一次要订八台货车，连忙紧张地说：“大爷，
1001,story3,圆梦花园和凤凰山庄。两个开发商，一个在城东开发圆梦花园，一个在城西开发凤凰山庄。
1002,story3,一年后，总投资十个亿的圆梦花园建成了。六十栋楼房环湖排列，波光倒影，清新雅静，真如同在花园一般。
1003,story3,启示：广告要讲策略，与其通过媒体宣传，不如深入大众生活，采取互动形式。
1004,story3,抛出小玩意，引来大财富。二十世纪二十年代，美国一个糖果商罗宾，拥有一家糖果小厂和几家小店，
1005,story3,销售状况不理想。在众多大厂的竞争之下，他虽然使出全部解数，但都收效甚微。
1006,story3,面对销量越来越少的销售局面，他整天都在想：怎样让小孩子都来买我的“香甜”牌糖果呢？
1007,story3,一天，他看到一群孩子玩游戏，立即被吸引住了。孩子们把几颗糖果平均放在几个口袋里，由一个公选的人把一个“幸运糖”放进其中某个口袋里，
1008,story3,不许别人看见，然后大家随意选一个口袋，有幸拿到“幸运糖”的人就要享受特权，即他是皇帝，其他人是臣民，
1009,story3,每人要上供一颗糖，他思索着这种奇怪而有趣的游戏规则，突然一个灵感闯入他脑海，他欣喜若狂。他思考了许久，有了一套宏伟的计划。
1010,story3,当时，美国的许多糖果是以一分钱卖给小孩的。罗宾就在糖果包里包上一分钱的铜币作为“幸运品”，
1011,story3,并在报纸、电台打出口号：“打开，它就是你的！”这一招很有效果，因为如果买的糖中包有铜币的就等于完全免费，
1012,story3,孩子们都去买来吃，罗宾把“香甜”这个名字也改为了“幸运”。
1013,story3,不久，凤凰山庄也竣工了，它真像一座山庄，六十栋楼房依山而筑，青砖红瓦，绿树掩映，确实是理想的居住地。
1014,story3,他除了大量投入生产外，还不惜血本招来许多经销商，另外再大做广告，将“幸运”糖描绘成一种可以获得幸运机会的新鲜事物，
1015,story3,并创造出一个可爱的小动物形象作为标志，使人人都非常熟悉。
1016,story3,因为方法奇特新颖，立即闻名全国，罗宾糖的销量像长了翅膀一样，迅速涨了几百倍。
1017,story3,其他糖果商在此启发下，也蜂拥而上，纷纷效仿此法。罗宾就更进一步，买中“运动”糖的不仅免费，而且还可以奖励几颗糖。
1018,story3,后来他在食品中放上其他物品，诸如玩具、连环画、手枪。
1019,story3,始终处于同行的前列，转眼间他就拥有了八百多万美元的资产。
1020,story3,罗宾抛出的只是些小玩意儿，但引来的却是一笔巨大的财富。
1021,story3,妙用新衣打破局面，在商品的经营活动中蕴藏着许多色彩的学问。
1022,story3,如果我们不遵循色彩学的规律，不注重产品装潢着色，有时即使是质优价廉的上等货，也很难在市场上打开销路。
1023,story3,广州南效有一家区办五金厂，生产出来的小型马达运抵香港试销，虽然价格比同类产品低百分之十到百分之十五，
1024,story3,圆梦花园首先在电视上打出广告，接着是报纸电台，他们打算投资一百万元做宣传。
1025,story3,推销人员又发动强大的广告宣传，介绍产品性能，还进行现场破坏试验，使尽全身的解数，还是无人问津。
1026,story3,一位香港同胞终于揭开了其中的奥秘：你那马达都涂成瓦灰色，现在香港人的工作和生活讲究色彩的协调，
1027,story3,花钱买个灰老鼠丧气呀。厂领导听后即电告工厂给马达换色。
1028,story3,半月后，一批色彩缤纷的马达运抵香港，很快便脱手了。
1029,story3,是色彩的恰当运用，使五金厂打破了马达滞销的局面。
1030,story3,凤凰山庄建好后也拿出一百万元，不过它没交给广告公司，而是交给了公交公司，让他们把跑西线的车由每天十班增加到五十班。
1031,story3,一年过去，凤凰山庄开始清盘，圆梦花园开始降价。
1032,story3,现在去凤凰山庄的车每天已达到五百班，几乎每三分钟就有一辆，坐这条线路上的车，可以得到一张如公园门票大小的彩色车票，
1033,story3,它的正面是凤凰山庄的广告，反面是一首唐诗中的七言绝句，这种车票每周一换。
1034,story3,据说，凤凰山庄有个孩子在车上背了四百多首唐诗，最少的也背了五十几首。
1035,story3,前不久，圆梦花园向银行申请破产，凤凰山庄借势收购，从此，市区又多了一条车票上印有宋词的线路。
1036,story4,都有爷爷。从前，有一个人在树下卖草帽，不料被树上的一群猴子把草帽哄抢去了。
1037,story4,这个人急中生智，想到猴子有模仿的习性，就将头上戴的草帽取下来，扔到地上。
1038,story4,它爬到一定的高度，就会掉下来，它一次次地向上爬，一次次地又掉下来？
1039,story4,第一个人看到了，他叹了一口气，自言自语：“我的一生不正如这只蜘蛛吗？
1040,story4,忙忙碌碌而无所得。”。于是，他日渐消沉。
1041,story4,第二个人看到了，他说：这只蜘蛛真愚蠢，为什么不从旁边干燥的地方绕一下爬上去？
1042,story4,我以后可不能像它那样愚蠢。于是，他变得聪明起来。
1043,story4,第三个人看到了，他立刻被蜘蛛屡败屡战的精神感动了。于是，他变得坚强起来。
1044,story4,狐狸和鹤的酒宴。有一天，狐狸送了一张邀请函给鹤：“晚上请来舍下用餐。”。“哇！
1045,story4,真罕见！狐狸先生会准备什么酒菜招待我呢？”。鹤很高兴地前去狐狸的家。“呀！
1046,story4,鹤先生，欢迎！欢迎！请不要客气！”。狐狸取出的酒菜只有放在大平盘里的汤而已。“我最喜欢喝汤啦！
1047,story4,果然，树上的猴子都将草帽纷纷地扔了下来。后来，这个人的孙子也来到树下卖草帽，
1048,story4,也只能闻到味道而已。盘内的汤，一滴也喝不到。
1049,story4,可是狐狸却叽哩咕噜地一下子就把汤喝完了，而且嗤嗤地笑着，觉得很有趣。“真不够意思，
1050,story4,你在捉弄我！”，鹤恨恨地回家去了。不久，鹤也送邀请函给狐狸：“晚上请客，
1051,story4,请你一定要来喔！”。狐狸是个贪吃鬼，“是什么样的食物呢？”，狐狸暗暗地想着，连不久以前的事，
1052,story4,狐狸也忘得一干二净，高高兴兴地到了鹤的家。“狐狸先生，欢迎！
1053,story4,欢迎！别客气，尽管用吧！”，鹤拿出的东西都是什么呢？
1054,story4,原来是装在细颈水瓶里的汤啊！“谢谢！”，狐狸将嘴伸进水瓶里，但是怎么喝也喝不到一口汤，
1055,story4,只能闻到鲜美的味道。鹤则将长嘴巴轻轻松松地伸进瓶底，津津有味地喝着呢！
1056,story4,狐狸肚子饿坏了，眼前的美食却一口也吃不到。
1057,story4,前程在线解读：己所不欲，勿施于人。狐狸捉弄鹤，鹤也会想办法以牙还牙。
1058,story4,同样遭到树上猴子哄抢。孙子想到爷爷的方法，他也将头上戴的草帽取下来，扔到地上。
1059,story4,作为企业的部门经理，部门之间的协作与配合是非常必要的。
1060,story4,作为企业组织的一个职能部门，虽然有着自己的职权范围，但是部门运作必须服从于企业全局需要，
1061,story4,切不可搞“诸侯割据”，如果人事经理面对财务经理的协作邀请不闻不问，或者口头支持，
1062,story4,行为上不落实到位，财务经理尴尬。但是“山不转水转”，人事经理总有要求财务经理协作配合的时候，
1063,story4,一旦财务经理“以其人之道，还其人之身”，人事经理又作何感想呢？最终是两败俱伤。
1064,story4,老和尚背女人。老和尚携小和尚游方，途遇一条河；见一女子正想过河，
1065,story4,却又不敢过。犯难之际，老和尚便主动背该女子趟过了河，然后放下女子，
1066,story4,与小和尚继续赶路。小和尚不禁一路嘀咕：师父怎么了？
1067,story4,竟敢背一女子过河？一路走，一路想，最后终于忍不住了，说：师父，
1068,story4,你犯戒了？怎么背了女人？老和尚叹道：我早已放下，你却还放不下！
1069,story4,但是，没有一只猴子把帽子从树上扔下来。孙子无奈地望着树上的猴子，心里纳闷：“爷爷的这一招怎么不灵了？”。
1070,story4,前程在线解读：君子坦荡荡，小人常戚戚；心胸宽广，思想开朗，
1071,story4,遇事拿得起、放得下，才能永远保持一种健康的心态。
1072,story4,母亲给出的答案。有个孩子对一个问题一直想不通：为什么他的同桌想考第一，
1073,story4,一下子就考了第一，而自己想考第一却只考了全班第二十一名？
1074,story4,回家后他问道：“妈妈我是不是比别人笨？
1075,story4,我觉得我和他一样听老师的话，一样认真地做作业，可是，为什么我总比他落后？。”妈妈听了儿子的话，
1076,story4,感觉到儿子开始有自尊心了，而这种自尊心正在被学校的排名伤害着。
1077,story4,她望着儿子，没有回答，因为她也不知道怎样回答。
1078,story4,又一次考试后，孩子考了第十七名，而他的同桌还是第一名。
1079,story4,回家后，儿子又问了同样的问题。她真想说，人的智力确实有三六九等，考第一的人，
1080,story4,这时，猴群中有一只猴子下了树，对孙子说：“不是只有你才有爷爷的。”
1081,story4,脑子就是比一般的人灵。然而这样的回答，难道是孩子真想知道的答案吗？
1082,story4,她庆幸自己没说出口。应该怎样回答儿子的问题呢？
1083,story4,有几次，她真想重复那几句被上万个父母重复了上万次的话，你太贪玩了；你在学习上还不够勤奋；和别人比起来还不够努力这样来搪塞儿子。
1084,story4,所以她没有那么做，她想为儿子的问题找到一个完美的答案。
1085,story4,儿子小学毕业了，虽然他比过去更加刻苦，但依然没有赶上他的同桌，不过与过去相比，他的成绩一直在提高。
1086,story4,前程在线解读。循规蹈矩、没有创新意识的人，会在工作中四处碰壁；墨守成规、缺少创新理念的企业，
1087,story4,会在竞争中遭到淘汰。创新是个人进步的动力、企业发展的灵魂。
1088,story4,优秀的管理者应该在企业中营造创新环境、激发员工的创新精神。
1089,story4,蜘蛛爬墙的启示雨后，一只蜘蛛很艰难地向墙上已经支离破碎的网爬去，由于墙壁潮湿，
1090,story4,小喜入坐后说，到这个乡报到后秘书建议我换台车，要不就换换车牌子。
1091,story4,我想，换了好像要与前任乡长势不两立一样，影响不好，就没换。
1092,story4,乡长夜间经常自己驾车在村头轮换着与这两个女人约会，这车成了那乡长的活动别墅。
1093,story4,我恍然大悟：难怪秘书建议我换车换牌号呢。
1094,story4,小喜的话引起了同学们的兴趣。眼镜说，那开拖拉机的恐怕是乡长情人的丈夫，
1095,story4,他没揍你一顿就不错了。众人哄一下笑起来。
1096,story4,老师摆了家宴，请学生入座。酒过三巡，话过情谊，话题不知怎么就又拐到了车上。
1097,story4,同学又讲了几个有关车子的奇话、趣话。老师只是听。
1098,story4,一个学生怕冷落了老师，就打断话题，给老师让酒。
1099,story4,老师喝了酒说，我也讲个车的故事吧。学生们连声说好。
1100,story4,老师问。知道农科所的老黄吗？学生们说知道，知道，有名的玉米育种专家。
1101,story4,他前一段升了，正处。老师点头。老师说，这个村，是农科所的一个玉米育种繁育基地。
1102,story4,今天，我坐这车来到刘村村口，有台拖拉机迎面开来，路虽不宽，但完全可以会车。
1103,story4,老黄要升官的消息那天传到了村里。这村的大人小孩没有不认识老黄的。
1104,story4,那年，村里玉米苗得了一种奇怪的病，玉米苗由青变黄，由黄变枯，然后大片大片死去。
1105,story4,村里去请老黄，老黄来了连口水都没喝，就直接到大田察看苗情，然后配制农药。
1106,story4,经过几天几夜抢救，苗保住了，这年秋季，还获得了丰收。
1107,story4,在这之后，老黄将这个村定为玉米良种繁育基地，使农民每亩地的收入翻了一番老黄对这村有恩嘞，
1108,story4,黄要升官了，他们咋不高兴呢，可他们心里却不黄离开。
1109,story4,村长和几个已知消息的人却和老黄话别。一位老人拉着老黄的手说，走吧，人往高处走，
1110,story4,水往海中流。走后，甭忘了咱村，这儿是你的家，村里的人都是你的亲人，
1111,story4,啥时想家了，就来看看，啥时育出了好种子也甭忘了给咱家的田留一些，
1112,story4,可拖拉机硬是占着路中间不靠边。拖拉机手瞪着眼，凶凶地看着我们。
1113,story4,村长劝说着别人，自己竟也落起泪来。后来，村长问老黄，走前，
1114,story4,有啥让村里办的没有？老黄想想说，明天给我找台拖拉机吧。
1115,story4,村长一时不解，上面不是派轿车来接你吗？
1116,story4,老黄说，我想再坐一次咱村的拖拉机。村长说，老黄，只要不嫌弃，
1117,story4,甭说一台，十台也行。第二天清早，老黄起床开门一看，大门口外蹲了好多人，
1118,story4,他们身后，停了一大片拖拉机。他正纳闷，村长走过来说，听说你要走，大家都要来，
1119,story4,就都来了。老黄说，这不行，不行。
1120,story4,这么多拖拉机，交警不让上路的。村长说，老黄，不让他们上大路，让他们开车送你到大路口总行吧。
1121,story4,老黄拗不过大家，便上了一台拖拉机，其它就一字排开送老黄赴任。
1122,story4,司机让他往一边靠靠，他脖子一拧说，好人不给坏人让路。
1123,story4,老师的故事讲完了，学生们听了，好一阵沉默。
1124,story4,差不多先生传胡适。你知道中国有名的人是谁？
1125,story4,提起此人，人人皆晓，处处闻名，他姓差，名不多，是各省各县各村人氏。
1126,story4,你一定见过他，一定听别人谈起他。差不多先生的名字天天挂在大家的口头上，因为他是中国全国人的代表。
1127,story4,差不多先生的相貌和你我都差不多。他有一双眼睛，但看的不很清楚；有两只耳朵，
1128,story4,但听的不很分明；有鼻子和嘴，但他对于气味和口味都不很讲究；他的脑子也不小，
1129,story4,但他的记性却不很精明，他的思想也不很细密。
1130,story4,他常常说：“凡事只要差不多，就好了。何必太精明呢？”。
1131,story4,他小的时候，他妈叫他去买红糖，他买了白糖回来，他妈骂他，他摇摇头道：“红糖白糖不是差不多吗？”。
1132,story4,他在学堂的时候，先生问他：“直隶省的西边是哪一省？”。
1133,story4,我听了这话感到好没道理，就下车问他，你认识我吗？
1134,story4,他说是陕西。先生说：“错了。是山西，不是陕西。”。
1135,story4,他说：“陕西同山西不是差不多吗？”。后来他在一个店铺里做伙计，
1136,story4,他也会写，也会算，只是总不精细，十字常常写成千字，千字常常写成十字。
1137,story4,掌柜的生气了，常常骂他，他只是笑嘻嘻地赔小心道：“千字比十字只多一小撇，
1138,story4,不是差不多吗？”。有一天，他为了一件要紧的事，要搭火车到上海去。
1139,story4,他从从容容地走到火车站，迟了两分钟，火车已开走了。
1140,story4,他白瞪着眼，望着远远的火车上的煤烟，摇摇头道：“只好明天再走了，今天走同明天走，
1141,story4,也差不多。可是火车公司，未免太认真了。
1142,story4,八点三十分开，同八点三十二分开，不是差不多吗？”
1143,story4,他摇头。我说，你不认识我怎么说我是坏人？
1144,story4,那人看一下车牌说，坐这车的没好人。司机说，这是新来的乡长。
1145,story4,乡长有急事，你这位大哥行行好，让我们过去吧。
1146,story4,那人看看我，很不情愿地让了路。路上，司机给我吐露了真情，原乡长看上了这个村的两个女人，
1147,story4,我有一批木梳，您的书法超群，可刻上‘积善梳’三个字，便可做赠品。”住持大喜，
1148,story4,立即买下一千把木梳。得到“积善梳”的施主与香客也很是高兴，一传十、十传百，
1149,story4,算好他大概会在何时进电梯，他也在这个时候去坐电梯，希望能遇到老总，有机会可以打个招呼。
1150,story4,他们的同事更进一步。他详细了解老总的奋斗历程，弄清老总毕业的学校，人际风格，
1151,story4,关心的问题，精心设计了几句简单却有份量的开场白，在算好的时间去乘坐电梯，
1152,story4,跟老总打过几次招呼后，终于有一天跟老总长谈了一次，不久就争取到了更好的位置。
1153,story4,愚者错失机会，智者善抓机会，成功者创造机会。
1154,story4,机会只给准备好的人，这准备二字，并非说说而已。
1155,story4,五、一位挑水夫，有两个水桶，分别吊在扁担的两头，其中一个桶子有裂缝，
1156,story4,另一个则完好无缺。在每趟长途的挑运之后，完好无缺的桶子，总是能将满满一种桶水从溪边送到主人家中，
1157,story4,但是有裂缝的桶子到达主人家时，却剩下半桶水。两年来，挑水夫就这样每天挑一桶半的水到主人家。
1158,story4,当然，好桶子对自己能够送满整桶水感到很自豪。
1159,story4,朝圣者更多，香火更旺。把木梳卖给和尚，听起来真有些匪夷所思，但不同的思维，
1160,story4,破桶子呢？对于自己的缺陷则非常羞愧，他为只能负起责任的一半，感到非常难过。
1161,story4,饱尝了两年失败的苦楚，破桶子终于忍不住，在小溪旁对挑水夫说：“我很惭愧，
1162,story4,必须向你道歉。”。“为什么呢？”，挑水夫问道：“你为什么觉得惭愧？”。“过去两年，
1163,story4,因为水从我这边一路的漏，我只能送半桶水到你主人家，我的缺陷，使你作了全部的工作，
1164,story4,却只收到一半的成果。”，破桶子说。挑水夫替破桶子感到难过，他满有爱心地说：“我们回到主人家的路上，
1165,story4,我要你留意路旁盛开的花朵。”。果真，他们走在山坡上，破桶子眼前一亮，看到缤纷的花朵，
1166,story4,开满路的一旁，沐浴在温暖的阳光之下，这景象使他开心了很多！
1167,story4,但是，走到小路的尽头，它又难受了，因为一半的水又在路上漏掉了！
1168,story4,破桶子再次向挑水夫道歉。挑水夫温和地说：“你有没有注意到小路两旁，只有你的那一边有花，
1169,story4,好桶子的那一边却没有开花呢？我明白你有缺陷，因此我善加利用，
1170,story4,不同的推销术，却有不同的结果。在别人认为不可能的地方开发出新的市场来，那才是真正的营销高手。
1171,story4,在你那边的路旁撒了花种，每回我从溪边来，你就替我一路浇了花！
1172,story4,两年来，这些美丽的花朵装饰了主人的餐桌。如果你不是这个样子，主人的桌上也没有这么好看的花朵了！”。
1173,story4,六、一位武林高手跪在武学宗师的面前，接受得来不易的黑带的仪式。
1174,story4,这个徒弟经过多年的严格训练，在武林终于出人头地。“在授予你黑带之前，你必须接受一个考验。”，
1175,story4,武学宗师说。“我准备好了。”，徒弟答到，以为可能是最后一个回合的练拳。“你必须回答最基本的问题：黑带的真正含义是什么？”。“是我习武的结束。”，
1176,story4,武学宗师等待着他再说些什么，显然他不满意徒弟的回答。
1177,story4,最后他开了口：“你还没有到拿黑带的时候，一年以后再来。”。
1178,story4,一年以后，徒弟再度跪在宗师的面前，黑带的真正含义是什么？“是本门武学中最杰出和最高荣誉的象征。”，
1179,story4,徒弟说。武学宗师等啊等，过了好几分钟，徒弟还是不说话，显然他很不满意。
1180,story4,三、著名专栏作家哈理斯和朋友在报摊上买报纸，那朋友礼貌地对报贩说了声谢谢，
1181,story4,最后说“你仍然没有到拿黑带的时候，一年以后再来。”一年以后，徒弟又跪在宗师的面前，
1182,story4,师傅又问：“黑带的真正含义是什么？”。“黑带代表开始代表无休止的磨练、奋斗、
1183,story4,和追求更高标准的里程的起点。”。“好，你已经可以接受黑带开始奋斗了。”七、
1184,story4,有一天某个农夫的一头驴子，不小心掉进一口枯井里，农夫绞尽脑汁想办法救出驴子，但几个小时过去了，
1185,story4,驴子还在井里痛苦地哀嚎着。最后，这位农夫决定放弃，他想这头驴子年纪大了，
1186,story4,不值得大费周章去把它救出来，不过无论如何，这口井还是得填起来。
1187,story4,于是农夫便请来左邻右舍帮忙一起将井中的驴子埋了，以免除它的痛苦。
1188,story4,农夫的邻居们人手一把铲子，开始将泥土铲进枯井中。
1189,story4,当这头驴子了解到自己的处境时，刚开始哭得很凄惨。
1190,story4,但出人意料的是，一会儿之后这头驴子就安静下来了。
1191,story4,但报贩却冷口冷脸，没发一言。“这家伙态度很差，是不是？”。
1192,story4,农夫好奇地探头往井底一看，出现在眼前的景象令他大吃一惊：当铲进井里的泥土落在驴子的背部时，
1193,story4,就这样，驴子将大家铲倒在它身上的泥土全都抖落在井底，然后再站上去。
1194,story4,很快地，这只驴子便得意地上升到井口，然后在众人惊讶的表情中快步地跑开了！
1195,story4,他们继续前行时，哈理斯问道。“他每天晚上都是这样的，”，朋友说。“那么你为甚么还是对他那么客气？”，
1196,story4,哈理斯问他。朋友答道：”为什么么我要让他决定我的行为？”。
1197,story4,四、在合资公司做白领，觉得自己满腔抱负没有得到上级的赏识，经常想：如果有一天能见到老总，
1198,story4,有机会展示一下自己的才干就好了！的同事，也有同样的想法，他更进一步，去打听老总上下班的时间，
1199,story4,就如驴子的情况，在生命的旅程中，有时候我们难免会陷入“枯井”里，会被各式各样的“泥沙”倾倒在我们身上，
1200,story4,而想要从这些“枯井”脱困的秘诀就是：将“泥沙”抖落掉，然后站到上面去！
1201,story4,二，不要让忧虑沾染你的心。三，简单地生活。
1202,story4,四，多分享。五，少欲求。八、一个替人割草打工的男孩打电话给一位陈太太说：“您需不需要割草？”。
1203,story4,陈太太回答说：“不需要了，我已请了割草工。”。男孩又说：“我会帮您拔掉花丛中的杂草。”。
1204,story4,陈太太回答：“我的割草工也做了。”男孩又说：“我会帮您把草与走道的四周割齐。”陈太太说：“我请的那人也已做了，
1205,story4,谢谢你，我不需要新的割草工人。”男孩便挂了电话，此时男孩的室友问他说：“你不是就在陈太太那割草打工吗？
1206,story4,为什么还要打这电话？”男孩说：“我只是想知道我做得有多好！”寓意：只有不断地探询客户的评价，
1207,story4,你才有可能知道自己的长处与短处。不要萧规曹随，凡事想想清楚事出何因，
1208,story4,多问几个为什么？九、加拿大魁北克有一条南北走向的山谷。
1209,story4,山谷没有什么特别之处，惟一能引人注意的是它的西坡长满松、柏、女贞等树，
1210,story4,而东坡却只有雪松。这一奇异景色之谜，许多人不知所以，然而揭开这个谜的，
1211,story4,事实上，我们在生活中所遭遇的种种困难挫折就是加诸在我们身上的“泥沙”。
1212,story4,竟是一对夫妇。那是一九九三年的冬天，这对夫妇的婚姻正濒于破裂的边缘，
1213,story4,为了找回昔日的爱情，他们打算做一次浪漫之旅，如果能找回就继续生活，否则就友好分手。
1214,story4,他们来到这个山谷的时候，下起了大雪，他们支起帐篷，望着满天飞舞的大雪，发现由于特殊的风向，
1215,story4,东坡的雪总比西坡的大且密。不一会儿，雪松上就落了厚厚的一层雪。
1216,story4,不过当雪积到一定程度，雪松那富有弹性的枝丫就会向下弯曲，直到雪从枝上滑落。
1217,story4,可其它的树，却因没有这个本领，树枝被压断了。妻子发现了这一景观，对丈夫说：“东坡肯定也长过杂草，
1218,story4,只是不会弯曲才被大雪摧毁了。”少顷，两人突然明白了什么，拥抱在一起。
1219,story4,生活中我们承受着来自各方面的压力，积累着终将让我们难以承受。
1220,story4,这时候，我们需要象雪松那样弯下身来。释下重负，才能够重新挺立，避免压断的结局。
1221,story4,然而，换个角度看，它们也是一块块的垫脚石，只要我们锲而不舍地将它们抖落掉，然后站上去，
1222,story4,弯曲，并不是低头或失败，而是一种弹性的生存方式，是一种生活的艺术。
1223,story4,十、特技团来了个新的徒弟，教练从走钢丝开始教起，这个徒弟在练习的时候，
1224,story4,总是没走几步就掉下来，反复练习还是如此，最后沮丧地坐在地上起来，
1225,story4,教练走了过来，拍拍弟子地肩膀说：“掉落，是走稳地先决条件。”弟子闻言，
1226,story4,又重新爬上去练习。教练在旁叮咛着：“走，不停地走，直到你忘了那条钢丝的存在，
1227,story4,忘了掉落这件事，你就算真正学会了。”人生处处充满意外，我们必须像练习走钢丝一样，
1228,story4,带着微笑、抬头挺胸，若是不慎掉落，就重新再站起来，当我们不再在意“意外”，不再在意“掉落”。我们就可以走得比别人稳。
1229,story4,一，一只火鸡和一头牛闲聊，火鸡说：我希望能飞到树顶，可我没有勇气。
1230,story4,牛说：为什么不吃一点我的牛粪呢，他们很有营养。
1231,story4,火鸡吃了一点牛粪，发现它确实给了它足够的力量飞到第一根树枝，第二天，火鸡又吃了更多的牛粪，
1232,story4,那么即使是掉落到最深的井，我们也能安然地脱困。本来看似要活埋驴子的举动，由于驴子处理厄境的态度不同，
1233,story4,飞到第二根树枝，两个星期后，火鸡骄傲的飞到了树顶，但不久，一个农夫看到了它，
1234,story4,迅速的把它从树上射了下来。生存之道一：牛屎运让你达到顶峰，但不能让你留在那里。
1235,story4,实际上却帮助了它，这也是改变命运的要素之一。
1236,story4,如果我们以肯定、沉着稳重的态度面对困境，助力往往就潜藏在困境中。
1237,story4,一切都决定于我们自己，学习放下一切得失，勇往直前迈向理想。
1238,story4,我们应该不断地建立信心、希望和无条件的爱，这些都是帮助我们从生命中的枯井脱困并找到自己的工具。
1239,story4,请牢记以下五个快乐的小秘诀：一，不要存有憎恨的念头。
1240,story4,二，乌鸦站在树上，整天无所事事，兔子看见乌鸦，就问：我能像你一样，整天什么事都不用干吗？
1241,story4,乌鸦说：当然，有什么不可以呢？于是，兔子在树下的空地上开始休息，忽然，
1242,story4,四，海底里有一个瓶子，这瓶子里困着一个巨魔。
1243,story4,那是五百年前一个神仙把巨魔收到瓶里的。巨魔曾经许过一个愿，谁能把这个瓶子捞起来，
1244,story4,把瓶塞打开，把他救出来，他就赠给这个人一座金山。
1245,story4,可是，五百年过去了，还没有人把这瓶子捞起来。巨魔十分气恼。
1246,story4,他诅咒说：“以后，如果谁把我救出来，我就一口把这个人吞掉。”有一个青年的渔夫，
1247,story4,他撒网捕鱼，当他收网的时侯，发现网里有一个古旧瓶子，他把瓶塞打开，
1248,story4,啊！一阵浓烈的烟雾喷出来，徐徐吐出一个比山还大的巨魔。“哈哈哈哈！”巨魔的笑声，
1249,story4,震得海涛汹涌起来。他说：“年青人，你把我救出来，我本应谢谢你，可是，你做得太迟了，
1250,story4,倘若你早一年把我救起，你就可以得到一座金山啦！
1251,story4,唉，我等了五百年，我太不耐烦了，我已经许了恶愿，要把救我出来的人一口吃掉！”那青年吃了一惊，
1252,story4,一只狐狸出现了，它跳起来抓住兔子，把它吞了下去。
1253,story4,但立即镇定地说:“哟，这么小小的瓶子，怎能把你盛下呀，你一定说谎，
1254,story4,你再回到瓶子给我看看吧！”。“哈哈哈哈，我不会上当的！
1255,story4,天方夜潭早把这个古老的故事说过了，我如果再钻入瓶子里，你把塞子再塞上，
1256,story4,故事不就说完了么”。“什么你有看过天方夜潭么你真是一个博学多才之士呀！
1257,story4,你还有看过苏格拉底的哲学著作吗”。“哈哈！
1258,story4,这五百年我躲进瓶子里，穷读天下的经典著作，苦苦修行，莫说是西方的巨著，
1259,story4,东方的大学、中庸、论语、孟子我都念得熟透了。”。“啊，中国太史公的史记你也颇有研究吧，
1260,story4,墨子的著作有涉猎吗”。“别说了，经史子集无一不通！”。“不过，
1261,story4,我想你一定没有见过红楼梦的手抄本，这是一部难得一见的版本呢！”。“哈哈哈，
1262,story4,你这个小子太小觑我了，这本书的收藏者正是我呀！
1263,story4,生存之道二：如果你想站着什么事都不做，那你必须站的很高，非常高。
1264,story4,让我拿出来给你开开眼界吧！”巨魔立即又化作一阵浓烟，徐徐进入瓶子里。
1265,story4,这时侯，那青年渔夫不再迟疑，连忙把瓶塞堵住瓶子了。
1266,story4,五，从前，有两个饥饿的人得到了一位长者的恩赐：一根鱼竿和一篓鲜活硕大的鱼。
1267,story4,其中，一个人要了一篓鱼，另一个人要了一根鱼竿，于是他们分道扬镳了。
1268,story4,得到鱼的人原地就用干柴搭起篝火煮起了鱼，他狼吞虎咽，还没有品出鲜鱼的肉香，
1269,story4,转瞬间，连鱼带汤就被他吃了个精光，不久，他便饿死在空空的鱼篓旁。
1270,story4,另一个人则提着鱼竿继续忍饥挨饿，一步步艰难地向海边走去，可当他已经看到不远处那片蔚蓝色的海洋时，
1271,story4,他浑身的最后一点力气也使完了，他也只能眼巴巴地带着无尽的遗憾撒手人间。
1272,story4,又有两个饥饿的人，他们同样得到了长者恩赐的一根鱼竿和一篓鱼。
1273,story4,只是他们并没有各奔东西，而是商定共同去找寻大海，他俩每次只煮一条鱼，他们经过遥远的跋涉，
1274,story4,三，一只小鸟飞到南方去过冬。天很冷，小鸟几乎冬僵了。
1275,story4,来到了海边，从此，两人开始了捕鱼为生的日子，几年后，他们盖起了房子，有了各自的家庭、
1276,story4,子女，有了自己建造的渔船，过上了幸福安康的生活。
1277,story4,一个人只顾眼前的利益，得到的终将是短暂的欢愉；一个人目标高远，但也要面对现实的生活。
1278,story4,只有把理想和现实有机结合起来，才有可能成为一个成功之人。
1279,story4,有时候，一个简单的道理，却足以给人意味深长的生命启示。
1280,story4,于是，飞到一大块空地上，一头牛经过那儿，拉了一堆牛粪在小鸟的身上，
1281,story4,冻僵的小鸟躺在粪堆里，觉得很温暖，渐渐苏醒过来，它温暖而舒服的躺着，不久唱起歌来，
1282,story4,一只路过的野猫听到声音，走过去看个究竟，循着声音，野猫很快发现了躺在粪堆里的小鸟，
1283,story4,把它拽出来吃掉了。生存之道三：不是每个往你身上拉大粪的人都是你的敌人。
1284,story4,也不是每个把你从粪堆里拉出来的人都是你的朋友，还有，当你躺在粪堆里时，最好把你的嘴闭上。
